"item_name","filter_index","parent_index","depth","node_type","logical_operator","criteria","subject_area","original_path","catalog_index"
"Fulfillment - FY 2025-26 Loans",1,NA,1,"sawx:comparison","between","""Loan Date"".""Loan Date"" BETWEEN 2025-07-01 AND 2026-06-30","""Fulfillment""","/shared/University of California System 01UCS_NETWORK/Reports/Local Requests/Annual Statistic Reports/Annual Stats FY 2025-2026/Fulfillment - FY 2025-26 Loans",1
"Fulfillment - FY 2025-26 Loans",2,1,2,"sawx:sqlExpression",NA,"""Loan Date"".""Loan Date""","""Fulfillment""","/shared/University of California System 01UCS_NETWORK/Reports/Local Requests/Annual Statistic Reports/Annual Stats FY 2025-2026/Fulfillment - FY 2025-26 Loans",1
"Fulfillment - FY 2025-26 Loans",3,1,2,"xsd:date",NA,"2025-07-01","""Fulfillment""","/shared/University of California System 01UCS_NETWORK/Reports/Local Requests/Annual Statistic Reports/Annual Stats FY 2025-2026/Fulfillment - FY 2025-26 Loans",1
"Fulfillment - FY 2025-26 Loans",4,1,2,"xsd:date",NA,"2026-06-30","""Fulfillment""","/shared/University of California System 01UCS_NETWORK/Reports/Local Requests/Annual Statistic Reports/Annual Stats FY 2025-2026/Fulfillment - FY 2025-26 Loans",1
"Physical - Global stats physical filters",1,NA,1,"sawx:logical","and","(""Physical Item Details"".""Lifecycle"" = 'Active' AND ""Bibliographic Details"".""Resource Type"" IS NOT NULL AND ""Location"".""Library Code (Active)"" IS NOT NULL AND ""Location"".""Library Code"" <> 'RES_SHARE' AND ""Location"".""Library Code"" NOT LIKE '%equip%' AND ""Location"".""Library Name"" NOT LIKE '%equip%' AND ""Location"".""Location Code"" <> 'UNASSIGNED' AND ""Location"".""Location Code"" NOT LIKE '%equip%' AND ""Location"".""Location Name"" NOT LIKE '%ithdraw%' AND ""Location"".""Location Name"" NOT LIKE '%equip%' AND ""Physical Item Details"".""Physical Item Id"" NOT IN ('-1', '0') AND ""Physical Item Details"".""Item Policy"" NOT LIKE '%equip%' AND ""Holdings Details"".""Suppressed from Discovery"" = 0 AND ""Holdings Details"".""Suppressed from Discovery by Suppressed Location"" = 'No' AND ""Location"".""Suppressed from Discovery"" = 'No' AND ""Bibliographic Details"".""Suppressed From Discovery"" = 'No')","""Physical Items""","/shared/University of California System 01UCS_NETWORK/Reports/Local Requests/Annual Statistic Reports/Annual Stats FY 2025-2026/Physical - Global stats physical filters",2
"Physical - Global stats physical filters",2,1,2,"sawx:sql",NA,"""Physical Item Details"".""Lifecycle"" = 'Active'","""Physical Items""","/shared/University of California System 01UCS_NETWORK/Reports/Local Requests/Annual Statistic Reports/Annual Stats FY 2025-2026/Physical - Global stats physical filters",2
"Physical - Global stats physical filters",3,1,2,"sawx:sql",NA,"""Bibliographic Details"".""Resource Type"" IS NOT NULL","""Physical Items""","/shared/University of California System 01UCS_NETWORK/Reports/Local Requests/Annual Statistic Reports/Annual Stats FY 2025-2026/Physical - Global stats physical filters",2
"Physical - Global stats physical filters",4,1,2,"sawx:sql",NA,"""Location"".""Library Code (Active)"" IS NOT NULL","""Physical Items""","/shared/University of California System 01UCS_NETWORK/Reports/Local Requests/Annual Statistic Reports/Annual Stats FY 2025-2026/Physical - Global stats physical filters",2
"Physical - Global stats physical filters",5,1,2,"sawx:sql",NA,"""Location"".""Library Code"" <> 'RES_SHARE'","""Physical Items""","/shared/University of California System 01UCS_NETWORK/Reports/Local Requests/Annual Statistic Reports/Annual Stats FY 2025-2026/Physical - Global stats physical filters",2
"Physical - Global stats physical filters",6,1,2,"sawx:sql",NA,"""Location"".""Library Code"" NOT LIKE '%equip%'","""Physical Items""","/shared/University of California System 01UCS_NETWORK/Reports/Local Requests/Annual Statistic Reports/Annual Stats FY 2025-2026/Physical - Global stats physical filters",2
"Physical - Global stats physical filters",7,1,2,"sawx:sql",NA,"""Location"".""Library Name"" NOT LIKE '%equip%'","""Physical Items""","/shared/University of California System 01UCS_NETWORK/Reports/Local Requests/Annual Statistic Reports/Annual Stats FY 2025-2026/Physical - Global stats physical filters",2
"Physical - Global stats physical filters",8,1,2,"sawx:sql",NA,"""Location"".""Location Code"" <> 'UNASSIGNED'","""Physical Items""","/shared/University of California System 01UCS_NETWORK/Reports/Local Requests/Annual Statistic Reports/Annual Stats FY 2025-2026/Physical - Global stats physical filters",2
"Physical - Global stats physical filters",9,1,2,"sawx:sql",NA,"""Location"".""Location Code"" NOT LIKE '%equip%'","""Physical Items""","/shared/University of California System 01UCS_NETWORK/Reports/Local Requests/Annual Statistic Reports/Annual Stats FY 2025-2026/Physical - Global stats physical filters",2
"Physical - Global stats physical filters",10,1,2,"sawx:sql",NA,"""Location"".""Location Name"" NOT LIKE '%ithdraw%'","""Physical Items""","/shared/University of California System 01UCS_NETWORK/Reports/Local Requests/Annual Statistic Reports/Annual Stats FY 2025-2026/Physical - Global stats physical filters",2
"Physical - Global stats physical filters",11,1,2,"sawx:sql",NA,"""Location"".""Location Name"" NOT LIKE '%equip%'","""Physical Items""","/shared/University of California System 01UCS_NETWORK/Reports/Local Requests/Annual Statistic Reports/Annual Stats FY 2025-2026/Physical - Global stats physical filters",2
"Physical - Global stats physical filters",12,1,2,"sawx:sql",NA,"""Physical Item Details"".""Physical Item Id"" NOT IN ('-1', '0')","""Physical Items""","/shared/University of California System 01UCS_NETWORK/Reports/Local Requests/Annual Statistic Reports/Annual Stats FY 2025-2026/Physical - Global stats physical filters",2
"Physical - Global stats physical filters",13,1,2,"sawx:sql",NA,"""Physical Item Details"".""Item Policy"" NOT LIKE '%equip%'","""Physical Items""","/shared/University of California System 01UCS_NETWORK/Reports/Local Requests/Annual Statistic Reports/Annual Stats FY 2025-2026/Physical - Global stats physical filters",2
"Physical - Global stats physical filters",14,1,2,"sawx:sql",NA,"""Holdings Details"".""Suppressed from Discovery"" = 0","""Physical Items""","/shared/University of California System 01UCS_NETWORK/Reports/Local Requests/Annual Statistic Reports/Annual Stats FY 2025-2026/Physical - Global stats physical filters",2
"Physical - Global stats physical filters",15,1,2,"sawx:sql",NA,"""Holdings Details"".""Suppressed from Discovery by Suppressed Location"" = 'No'","""Physical Items""","/shared/University of California System 01UCS_NETWORK/Reports/Local Requests/Annual Statistic Reports/Annual Stats FY 2025-2026/Physical - Global stats physical filters",2
"Physical - Global stats physical filters",16,1,2,"sawx:sql",NA,"""Location"".""Suppressed from Discovery"" = 'No'","""Physical Items""","/shared/University of California System 01UCS_NETWORK/Reports/Local Requests/Annual Statistic Reports/Annual Stats FY 2025-2026/Physical - Global stats physical filters",2
"Physical - Global stats physical filters",17,1,2,"sawx:sql",NA,"""Bibliographic Details"".""Suppressed From Discovery"" = 'No'","""Physical Items""","/shared/University of California System 01UCS_NETWORK/Reports/Local Requests/Annual Statistic Reports/Annual Stats FY 2025-2026/Physical - Global stats physical filters",2
"Physical - UCB Physical Filters",1,NA,1,"sawx:logical","and","((""Location"".""Location Code"" <> 'lis' AND ""Location"".""Location Code"" <> 'nzw' AND ""Location"".""Location Code"" <> 'zwz' AND ""Location"".""Location Code"" NOT LIKE '%zw%' AND ""Location"".""Location Name"" NOT LIKE '%ithdraw%' AND ""Location"".""Location Name"" NOT LIKE '%ITHDRAW%') AND (""Physical Item Details"".""Statistics Note 2"" IS NULL OR (""Physical Item Details"".""Statistics Note 2"" IS NOT NULL AND ""Physical Item Details"".""Statistics Note 2"" NOT LIKE 'wds%' AND ""Physical Item Details"".""Statistics Note 2"" NOT LIKE 'wms%' AND ""Physical Item Details"".""Statistics Note 2"" NOT LIKE 'wor%')))","""Physical Items""","/shared/University of California System 01UCS_NETWORK/Reports/Local Requests/Annual Statistic Reports/Annual Stats FY 2025-2026/Physical - UCB Physical Filters",3
"Physical - UCB Physical Filters",2,1,2,"sawx:logical","and","(""Location"".""Location Code"" <> 'lis' AND ""Location"".""Location Code"" <> 'nzw' AND ""Location"".""Location Code"" <> 'zwz' AND ""Location"".""Location Code"" NOT LIKE '%zw%' AND ""Location"".""Location Name"" NOT LIKE '%ithdraw%' AND ""Location"".""Location Name"" NOT LIKE '%ITHDRAW%')","""Physical Items""","/shared/University of California System 01UCS_NETWORK/Reports/Local Requests/Annual Statistic Reports/Annual Stats FY 2025-2026/Physical - UCB Physical Filters",3
"Physical - UCB Physical Filters",3,2,3,"sawx:sql",NA,"""Location"".""Location Code"" <> 'lis'","""Physical Items""","/shared/University of California System 01UCS_NETWORK/Reports/Local Requests/Annual Statistic Reports/Annual Stats FY 2025-2026/Physical - UCB Physical Filters",3
"Physical - UCB Physical Filters",4,2,3,"sawx:sql",NA,"""Location"".""Location Code"" <> 'nzw'","""Physical Items""","/shared/University of California System 01UCS_NETWORK/Reports/Local Requests/Annual Statistic Reports/Annual Stats FY 2025-2026/Physical - UCB Physical Filters",3
"Physical - UCB Physical Filters",5,2,3,"sawx:sql",NA,"""Location"".""Location Code"" <> 'zwz'","""Physical Items""","/shared/University of California System 01UCS_NETWORK/Reports/Local Requests/Annual Statistic Reports/Annual Stats FY 2025-2026/Physical - UCB Physical Filters",3
"Physical - UCB Physical Filters",6,2,3,"sawx:sql",NA,"""Location"".""Location Code"" NOT LIKE '%zw%'","""Physical Items""","/shared/University of California System 01UCS_NETWORK/Reports/Local Requests/Annual Statistic Reports/Annual Stats FY 2025-2026/Physical - UCB Physical Filters",3
"Physical - UCB Physical Filters",7,2,3,"sawx:sql",NA,"""Location"".""Location Name"" NOT LIKE '%ithdraw%'","""Physical Items""","/shared/University of California System 01UCS_NETWORK/Reports/Local Requests/Annual Statistic Reports/Annual Stats FY 2025-2026/Physical - UCB Physical Filters",3
"Physical - UCB Physical Filters",8,2,3,"sawx:sql",NA,"""Location"".""Location Name"" NOT LIKE '%ITHDRAW%'","""Physical Items""","/shared/University of California System 01UCS_NETWORK/Reports/Local Requests/Annual Statistic Reports/Annual Stats FY 2025-2026/Physical - UCB Physical Filters",3
"Physical - UCB Physical Filters",9,1,2,"sawx:logical","or","(""Physical Item Details"".""Statistics Note 2"" IS NULL OR (""Physical Item Details"".""Statistics Note 2"" IS NOT NULL AND ""Physical Item Details"".""Statistics Note 2"" NOT LIKE 'wds%' AND ""Physical Item Details"".""Statistics Note 2"" NOT LIKE 'wms%' AND ""Physical Item Details"".""Statistics Note 2"" NOT LIKE 'wor%'))","""Physical Items""","/shared/University of California System 01UCS_NETWORK/Reports/Local Requests/Annual Statistic Reports/Annual Stats FY 2025-2026/Physical - UCB Physical Filters",3
"Physical - UCB Physical Filters",10,9,3,"sawx:sql",NA,"""Physical Item Details"".""Statistics Note 2"" IS NULL","""Physical Items""","/shared/University of California System 01UCS_NETWORK/Reports/Local Requests/Annual Statistic Reports/Annual Stats FY 2025-2026/Physical - UCB Physical Filters",3
"Physical - UCB Physical Filters",11,9,3,"sawx:logical","and","(""Physical Item Details"".""Statistics Note 2"" IS NOT NULL AND ""Physical Item Details"".""Statistics Note 2"" NOT LIKE 'wds%' AND ""Physical Item Details"".""Statistics Note 2"" NOT LIKE 'wms%' AND ""Physical Item Details"".""Statistics Note 2"" NOT LIKE 'wor%')","""Physical Items""","/shared/University of California System 01UCS_NETWORK/Reports/Local Requests/Annual Statistic Reports/Annual Stats FY 2025-2026/Physical - UCB Physical Filters",3
"Physical - UCB Physical Filters",12,11,4,"sawx:sql",NA,"""Physical Item Details"".""Statistics Note 2"" IS NOT NULL","""Physical Items""","/shared/University of California System 01UCS_NETWORK/Reports/Local Requests/Annual Statistic Reports/Annual Stats FY 2025-2026/Physical - UCB Physical Filters",3
"Physical - UCB Physical Filters",13,11,4,"sawx:sql",NA,"""Physical Item Details"".""Statistics Note 2"" NOT LIKE 'wds%'","""Physical Items""","/shared/University of California System 01UCS_NETWORK/Reports/Local Requests/Annual Statistic Reports/Annual Stats FY 2025-2026/Physical - UCB Physical Filters",3
"Physical - UCB Physical Filters",14,11,4,"sawx:sql",NA,"""Physical Item Details"".""Statistics Note 2"" NOT LIKE 'wms%'","""Physical Items""","/shared/University of California System 01UCS_NETWORK/Reports/Local Requests/Annual Statistic Reports/Annual Stats FY 2025-2026/Physical - UCB Physical Filters",3
"Physical - UCB Physical Filters",15,11,4,"sawx:sql",NA,"""Physical Item Details"".""Statistics Note 2"" NOT LIKE 'wor%'","""Physical Items""","/shared/University of California System 01UCS_NETWORK/Reports/Local Requests/Annual Statistic Reports/Annual Stats FY 2025-2026/Physical - UCB Physical Filters",3
"Physical - UCB SCA exclusions",1,NA,1,"sawx:logical","and","(NOT (DESCRIPTOR_IDOF(""Physical Items"".""Institution"".""Institution Name"") = 6532 AND ""Location"".""Library Code"" = 'BANC' AND ""Physical Item Details"".""Item Policy"" IN ('Other Archival Material', 'Personal Manuscript', 'UC Archival Manuscript', 'Visual Material: pictorial')) AND NOT (DESCRIPTOR_IDOF(""Physical Items"".""Institution"".""Institution Name"") = 6532 AND ""Location"".""Library Code"" = 'NRLF' AND ""Location"".""Location Code"" IN ('nbtbr', 'nbtur') AND ""Physical Item Details"".""Item Policy"" IN ('Other Archival Material', 'Personal Manuscript', 'UC Archival Manuscript', 'Visual Material: pictorial')))","""Physical Items""","/shared/University of California System 01UCS_NETWORK/Reports/Local Requests/Annual Statistic Reports/Annual Stats FY 2025-2026/Physical - UCB SCA exclusions",4
"Physical - UCB SCA exclusions",2,1,2,"sawx:sql",NA,"NOT (DESCRIPTOR_IDOF(""Physical Items"".""Institution"".""Institution Name"") = 6532 AND ""Location"".""Library Code"" = 'BANC' AND ""Physical Item Details"".""Item Policy"" IN ('Other Archival Material', 'Personal Manuscript', 'UC Archival Manuscript', 'Visual Material: pictorial'))","""Physical Items""","/shared/University of California System 01UCS_NETWORK/Reports/Local Requests/Annual Statistic Reports/Annual Stats FY 2025-2026/Physical - UCB SCA exclusions",4
"Physical - UCB SCA exclusions",3,1,2,"sawx:sql",NA,"NOT (DESCRIPTOR_IDOF(""Physical Items"".""Institution"".""Institution Name"") = 6532 AND ""Location"".""Library Code"" = 'NRLF' AND ""Location"".""Location Code"" IN ('nbtbr', 'nbtur') AND ""Physical Item Details"".""Item Policy"" IN ('Other Archival Material', 'Personal Manuscript', 'UC Archival Manuscript', 'Visual Material: pictorial'))","""Physical Items""","/shared/University of California System 01UCS_NETWORK/Reports/Local Requests/Annual Statistic Reports/Annual Stats FY 2025-2026/Physical - UCB SCA exclusions",4
"Physical - UCD Physical Filters",1,NA,1,"sawx:logical","and","(NOT(DESCRIPTOR_IDOF(""Physical Items"".""Institution"".""Institution Name"") = 3126 AND ""Location"".""Library Code"" = ('NRLF')) AND NOT(DESCRIPTOR_IDOF(""Physical Items"".""Institution"".""Institution Name"") = 3126 AND ""Location"".""Library Code"" = ('SRLF')) AND NOT(DESCRIPTOR_IDOF(""Physical Items"".""Institution"".""Institution Name"") = 3126 AND ""Location"".""Location Code"" = ('NRLF')))","""Physical Items""","/shared/University of California System 01UCS_NETWORK/Reports/Local Requests/Annual Statistic Reports/Annual Stats FY 2025-2026/Physical - UCD Physical Filters",5
"Physical - UCD Physical Filters",2,1,2,"sawx:sql",NA,"NOT(DESCRIPTOR_IDOF(""Physical Items"".""Institution"".""Institution Name"") = 3126 AND ""Location"".""Library Code"" = ('NRLF'))","""Physical Items""","/shared/University of California System 01UCS_NETWORK/Reports/Local Requests/Annual Statistic Reports/Annual Stats FY 2025-2026/Physical - UCD Physical Filters",5
"Physical - UCD Physical Filters",3,1,2,"sawx:sql",NA,"NOT(DESCRIPTOR_IDOF(""Physical Items"".""Institution"".""Institution Name"") = 3126 AND ""Location"".""Library Code"" = ('SRLF'))","""Physical Items""","/shared/University of California System 01UCS_NETWORK/Reports/Local Requests/Annual Statistic Reports/Annual Stats FY 2025-2026/Physical - UCD Physical Filters",5
"Physical - UCD Physical Filters",4,1,2,"sawx:sql",NA,"NOT(DESCRIPTOR_IDOF(""Physical Items"".""Institution"".""Institution Name"") = 3126 AND ""Location"".""Location Code"" = ('NRLF'))","""Physical Items""","/shared/University of California System 01UCS_NETWORK/Reports/Local Requests/Annual Statistic Reports/Annual Stats FY 2025-2026/Physical - UCD Physical Filters",5
"Physical - UCI Physical Filters",1,NA,1,"sawx:logical","and","(""Location"".""Location Code"" NOT IN ('gmlml', 'gmlill', 'xlle', 'xllck', 'xllhk', 'xmllk', 'nrlf', 'srlfm', 'srlf', 'srlfr', 'llill_rsl', 'lawill_rsl', 'slill') AND ""Location"".""Location Name"" NOT IN ('zz', 'Problem location from Migration') AND ""Library Unit"".""Library Code"" NOT IN ('AYALA', 'OCSEAA') AND ""Location"".""Library Name"" NOT IN ('X_Do_Not_Use_Old_Orange County & Southeast Asian Archive Center', 'X_Do_Not_Use_Old_Science Library') AND (""Physical Item Details"".""Statistics Note 2"" IS NULL OR (""Physical Item Details"".""Statistics Note 2"" IS NOT NULL AND NOT(DESCRIPTOR_IDOF(""Physical Items"".""Institution"".""Institution Name"") = 4701 AND ""Physical Item Details"".""Statistics Note 2"" = '-') AND NOT(DESCRIPTOR_IDOF(""Physical Items"".""Institution"".""Institution Name"") = 4701 AND ""Physical Item Details"".""Statistics Note 2"" LIKE 'from%') AND NOT(DESCRIPTOR_IDOF(""Physical Items"".""Institution"".""Institution Name"") = 4701 AND ""Physical Item Details"".""Statistics Note 2"" LIKE '%rlf-%') AND NOT(DESCRIPTOR_IDOF(""Physical Items"".""Institution"".""Institution Name"") = 4701 AND ""Physical Item Details"".""Statistics Note 2"" LIKE '%sp-%') AND NOT(DESCRIPTOR_IDOF(""Physical Items"".""Institution"".""Institution Name"") = 4701 AND ""Physical Item Details"".""Statistics Note 2"" LIKE '%wd%') AND NOT(DESCRIPTOR_IDOF(""Physical Items"".""Institution"".""Institution Name"") = 4701 AND ""Physical Item Details"".""Statistics Note 2"" LIKE '%ithd%'))))","""Physical Items""","/shared/University of California System 01UCS_NETWORK/Reports/Local Requests/Annual Statistic Reports/Annual Stats FY 2025-2026/Physical - UCI Physical Filters",6
"Physical - UCI Physical Filters",2,1,2,"sawx:list","notIn","""Location"".""Location Code"" NOT IN ('gmlml', 'gmlill', 'xlle', 'xllck', 'xllhk', 'xmllk', 'nrlf', 'srlfm', 'srlf', 'srlfr', 'llill_rsl', 'lawill_rsl', 'slill')","""Physical Items""","/shared/University of California System 01UCS_NETWORK/Reports/Local Requests/Annual Statistic Reports/Annual Stats FY 2025-2026/Physical - UCI Physical Filters",6
"Physical - UCI Physical Filters",3,2,3,"sawx:sqlExpression",NA,"""Location"".""Location Code""","""Physical Items""","/shared/University of California System 01UCS_NETWORK/Reports/Local Requests/Annual Statistic Reports/Annual Stats FY 2025-2026/Physical - UCI Physical Filters",6
"Physical - UCI Physical Filters",4,2,3,"xsd:string",NA,"'gmlml'","""Physical Items""","/shared/University of California System 01UCS_NETWORK/Reports/Local Requests/Annual Statistic Reports/Annual Stats FY 2025-2026/Physical - UCI Physical Filters",6
"Physical - UCI Physical Filters",5,2,3,"xsd:string",NA,"'gmlill'","""Physical Items""","/shared/University of California System 01UCS_NETWORK/Reports/Local Requests/Annual Statistic Reports/Annual Stats FY 2025-2026/Physical - UCI Physical Filters",6
"Physical - UCI Physical Filters",6,2,3,"xsd:string",NA,"'xlle'","""Physical Items""","/shared/University of California System 01UCS_NETWORK/Reports/Local Requests/Annual Statistic Reports/Annual Stats FY 2025-2026/Physical - UCI Physical Filters",6
"Physical - UCI Physical Filters",7,2,3,"xsd:string",NA,"'xllck'","""Physical Items""","/shared/University of California System 01UCS_NETWORK/Reports/Local Requests/Annual Statistic Reports/Annual Stats FY 2025-2026/Physical - UCI Physical Filters",6
"Physical - UCI Physical Filters",8,2,3,"xsd:string",NA,"'xllhk'","""Physical Items""","/shared/University of California System 01UCS_NETWORK/Reports/Local Requests/Annual Statistic Reports/Annual Stats FY 2025-2026/Physical - UCI Physical Filters",6
"Physical - UCI Physical Filters",9,2,3,"xsd:string",NA,"'xmllk'","""Physical Items""","/shared/University of California System 01UCS_NETWORK/Reports/Local Requests/Annual Statistic Reports/Annual Stats FY 2025-2026/Physical - UCI Physical Filters",6
"Physical - UCI Physical Filters",10,2,3,"xsd:string",NA,"'nrlf'","""Physical Items""","/shared/University of California System 01UCS_NETWORK/Reports/Local Requests/Annual Statistic Reports/Annual Stats FY 2025-2026/Physical - UCI Physical Filters",6
"Physical - UCI Physical Filters",11,2,3,"xsd:string",NA,"'srlfm'","""Physical Items""","/shared/University of California System 01UCS_NETWORK/Reports/Local Requests/Annual Statistic Reports/Annual Stats FY 2025-2026/Physical - UCI Physical Filters",6
"Physical - UCI Physical Filters",12,2,3,"xsd:string",NA,"'srlf'","""Physical Items""","/shared/University of California System 01UCS_NETWORK/Reports/Local Requests/Annual Statistic Reports/Annual Stats FY 2025-2026/Physical - UCI Physical Filters",6
"Physical - UCI Physical Filters",13,2,3,"xsd:string",NA,"'srlfr'","""Physical Items""","/shared/University of California System 01UCS_NETWORK/Reports/Local Requests/Annual Statistic Reports/Annual Stats FY 2025-2026/Physical - UCI Physical Filters",6
"Physical - UCI Physical Filters",14,2,3,"xsd:string",NA,"'llill_rsl'","""Physical Items""","/shared/University of California System 01UCS_NETWORK/Reports/Local Requests/Annual Statistic Reports/Annual Stats FY 2025-2026/Physical - UCI Physical Filters",6
"Physical - UCI Physical Filters",15,2,3,"xsd:string",NA,"'lawill_rsl'","""Physical Items""","/shared/University of California System 01UCS_NETWORK/Reports/Local Requests/Annual Statistic Reports/Annual Stats FY 2025-2026/Physical - UCI Physical Filters",6
"Physical - UCI Physical Filters",16,2,3,"xsd:string",NA,"'slill'","""Physical Items""","/shared/University of California System 01UCS_NETWORK/Reports/Local Requests/Annual Statistic Reports/Annual Stats FY 2025-2026/Physical - UCI Physical Filters",6
"Physical - UCI Physical Filters",17,1,2,"sawx:list","notIn","""Location"".""Location Name"" NOT IN ('zz', 'Problem location from Migration')","""Physical Items""","/shared/University of California System 01UCS_NETWORK/Reports/Local Requests/Annual Statistic Reports/Annual Stats FY 2025-2026/Physical - UCI Physical Filters",6
"Physical - UCI Physical Filters",18,17,3,"sawx:sqlExpression",NA,"""Location"".""Location Name""","""Physical Items""","/shared/University of California System 01UCS_NETWORK/Reports/Local Requests/Annual Statistic Reports/Annual Stats FY 2025-2026/Physical - UCI Physical Filters",6
"Physical - UCI Physical Filters",19,17,3,"xsd:string",NA,"'zz'","""Physical Items""","/shared/University of California System 01UCS_NETWORK/Reports/Local Requests/Annual Statistic Reports/Annual Stats FY 2025-2026/Physical - UCI Physical Filters",6
"Physical - UCI Physical Filters",20,17,3,"xsd:string",NA,"'Problem location from Migration'","""Physical Items""","/shared/University of California System 01UCS_NETWORK/Reports/Local Requests/Annual Statistic Reports/Annual Stats FY 2025-2026/Physical - UCI Physical Filters",6
"Physical - UCI Physical Filters",21,1,2,"sawx:list","notIn","""Library Unit"".""Library Code"" NOT IN ('AYALA', 'OCSEAA')","""Physical Items""","/shared/University of California System 01UCS_NETWORK/Reports/Local Requests/Annual Statistic Reports/Annual Stats FY 2025-2026/Physical - UCI Physical Filters",6
"Physical - UCI Physical Filters",22,21,3,"sawx:sqlExpression",NA,"""Library Unit"".""Library Code""","""Physical Items""","/shared/University of California System 01UCS_NETWORK/Reports/Local Requests/Annual Statistic Reports/Annual Stats FY 2025-2026/Physical - UCI Physical Filters",6
"Physical - UCI Physical Filters",23,21,3,"xsd:string",NA,"'AYALA'","""Physical Items""","/shared/University of California System 01UCS_NETWORK/Reports/Local Requests/Annual Statistic Reports/Annual Stats FY 2025-2026/Physical - UCI Physical Filters",6
"Physical - UCI Physical Filters",24,21,3,"xsd:string",NA,"'OCSEAA'","""Physical Items""","/shared/University of California System 01UCS_NETWORK/Reports/Local Requests/Annual Statistic Reports/Annual Stats FY 2025-2026/Physical - UCI Physical Filters",6
"Physical - UCI Physical Filters",25,1,2,"sawx:list","notIn","""Location"".""Library Name"" NOT IN ('X_Do_Not_Use_Old_Orange County & Southeast Asian Archive Center', 'X_Do_Not_Use_Old_Science Library')","""Physical Items""","/shared/University of California System 01UCS_NETWORK/Reports/Local Requests/Annual Statistic Reports/Annual Stats FY 2025-2026/Physical - UCI Physical Filters",6
"Physical - UCI Physical Filters",26,25,3,"sawx:sqlExpression",NA,"""Location"".""Library Name""","""Physical Items""","/shared/University of California System 01UCS_NETWORK/Reports/Local Requests/Annual Statistic Reports/Annual Stats FY 2025-2026/Physical - UCI Physical Filters",6
"Physical - UCI Physical Filters",27,25,3,"xsd:string",NA,"'X_Do_Not_Use_Old_Orange County & Southeast Asian Archive Center'","""Physical Items""","/shared/University of California System 01UCS_NETWORK/Reports/Local Requests/Annual Statistic Reports/Annual Stats FY 2025-2026/Physical - UCI Physical Filters",6
"Physical - UCI Physical Filters",28,25,3,"xsd:string",NA,"'X_Do_Not_Use_Old_Science Library'","""Physical Items""","/shared/University of California System 01UCS_NETWORK/Reports/Local Requests/Annual Statistic Reports/Annual Stats FY 2025-2026/Physical - UCI Physical Filters",6
"Physical - UCI Physical Filters",29,1,2,"sawx:logical","or","(""Physical Item Details"".""Statistics Note 2"" IS NULL OR (""Physical Item Details"".""Statistics Note 2"" IS NOT NULL AND NOT(DESCRIPTOR_IDOF(""Physical Items"".""Institution"".""Institution Name"") = 4701 AND ""Physical Item Details"".""Statistics Note 2"" = '-') AND NOT(DESCRIPTOR_IDOF(""Physical Items"".""Institution"".""Institution Name"") = 4701 AND ""Physical Item Details"".""Statistics Note 2"" LIKE 'from%') AND NOT(DESCRIPTOR_IDOF(""Physical Items"".""Institution"".""Institution Name"") = 4701 AND ""Physical Item Details"".""Statistics Note 2"" LIKE '%rlf-%') AND NOT(DESCRIPTOR_IDOF(""Physical Items"".""Institution"".""Institution Name"") = 4701 AND ""Physical Item Details"".""Statistics Note 2"" LIKE '%sp-%') AND NOT(DESCRIPTOR_IDOF(""Physical Items"".""Institution"".""Institution Name"") = 4701 AND ""Physical Item Details"".""Statistics Note 2"" LIKE '%wd%') AND NOT(DESCRIPTOR_IDOF(""Physical Items"".""Institution"".""Institution Name"") = 4701 AND ""Physical Item Details"".""Statistics Note 2"" LIKE '%ithd%')))","""Physical Items""","/shared/University of California System 01UCS_NETWORK/Reports/Local Requests/Annual Statistic Reports/Annual Stats FY 2025-2026/Physical - UCI Physical Filters",6
"Physical - UCI Physical Filters",30,29,3,"sawx:sql",NA,"""Physical Item Details"".""Statistics Note 2"" IS NULL","""Physical Items""","/shared/University of California System 01UCS_NETWORK/Reports/Local Requests/Annual Statistic Reports/Annual Stats FY 2025-2026/Physical - UCI Physical Filters",6
"Physical - UCI Physical Filters",31,29,3,"sawx:logical","and","(""Physical Item Details"".""Statistics Note 2"" IS NOT NULL AND NOT(DESCRIPTOR_IDOF(""Physical Items"".""Institution"".""Institution Name"") = 4701 AND ""Physical Item Details"".""Statistics Note 2"" = '-') AND NOT(DESCRIPTOR_IDOF(""Physical Items"".""Institution"".""Institution Name"") = 4701 AND ""Physical Item Details"".""Statistics Note 2"" LIKE 'from%') AND NOT(DESCRIPTOR_IDOF(""Physical Items"".""Institution"".""Institution Name"") = 4701 AND ""Physical Item Details"".""Statistics Note 2"" LIKE '%rlf-%') AND NOT(DESCRIPTOR_IDOF(""Physical Items"".""Institution"".""Institution Name"") = 4701 AND ""Physical Item Details"".""Statistics Note 2"" LIKE '%sp-%') AND NOT(DESCRIPTOR_IDOF(""Physical Items"".""Institution"".""Institution Name"") = 4701 AND ""Physical Item Details"".""Statistics Note 2"" LIKE '%wd%') AND NOT(DESCRIPTOR_IDOF(""Physical Items"".""Institution"".""Institution Name"") = 4701 AND ""Physical Item Details"".""Statistics Note 2"" LIKE '%ithd%'))","""Physical Items""","/shared/University of California System 01UCS_NETWORK/Reports/Local Requests/Annual Statistic Reports/Annual Stats FY 2025-2026/Physical - UCI Physical Filters",6
"Physical - UCI Physical Filters",32,31,4,"sawx:sql",NA,"""Physical Item Details"".""Statistics Note 2"" IS NOT NULL","""Physical Items""","/shared/University of California System 01UCS_NETWORK/Reports/Local Requests/Annual Statistic Reports/Annual Stats FY 2025-2026/Physical - UCI Physical Filters",6
"Physical - UCI Physical Filters",33,31,4,"sawx:sql",NA,"NOT(DESCRIPTOR_IDOF(""Physical Items"".""Institution"".""Institution Name"") = 4701 AND ""Physical Item Details"".""Statistics Note 2"" = '-')","""Physical Items""","/shared/University of California System 01UCS_NETWORK/Reports/Local Requests/Annual Statistic Reports/Annual Stats FY 2025-2026/Physical - UCI Physical Filters",6
"Physical - UCI Physical Filters",34,31,4,"sawx:sql",NA,"NOT(DESCRIPTOR_IDOF(""Physical Items"".""Institution"".""Institution Name"") = 4701 AND ""Physical Item Details"".""Statistics Note 2"" LIKE 'from%')","""Physical Items""","/shared/University of California System 01UCS_NETWORK/Reports/Local Requests/Annual Statistic Reports/Annual Stats FY 2025-2026/Physical - UCI Physical Filters",6
"Physical - UCI Physical Filters",35,31,4,"sawx:sql",NA,"NOT(DESCRIPTOR_IDOF(""Physical Items"".""Institution"".""Institution Name"") = 4701 AND ""Physical Item Details"".""Statistics Note 2"" LIKE '%rlf-%')","""Physical Items""","/shared/University of California System 01UCS_NETWORK/Reports/Local Requests/Annual Statistic Reports/Annual Stats FY 2025-2026/Physical - UCI Physical Filters",6
"Physical - UCI Physical Filters",36,31,4,"sawx:sql",NA,"NOT(DESCRIPTOR_IDOF(""Physical Items"".""Institution"".""Institution Name"") = 4701 AND ""Physical Item Details"".""Statistics Note 2"" LIKE '%sp-%')","""Physical Items""","/shared/University of California System 01UCS_NETWORK/Reports/Local Requests/Annual Statistic Reports/Annual Stats FY 2025-2026/Physical - UCI Physical Filters",6
"Physical - UCI Physical Filters",37,31,4,"sawx:sql",NA,"NOT(DESCRIPTOR_IDOF(""Physical Items"".""Institution"".""Institution Name"") = 4701 AND ""Physical Item Details"".""Statistics Note 2"" LIKE '%wd%')","""Physical Items""","/shared/University of California System 01UCS_NETWORK/Reports/Local Requests/Annual Statistic Reports/Annual Stats FY 2025-2026/Physical - UCI Physical Filters",6
"Physical - UCI Physical Filters",38,31,4,"sawx:sql",NA,"NOT(DESCRIPTOR_IDOF(""Physical Items"".""Institution"".""Institution Name"") = 4701 AND ""Physical Item Details"".""Statistics Note 2"" LIKE '%ithd%')","""Physical Items""","/shared/University of California System 01UCS_NETWORK/Reports/Local Requests/Annual Statistic Reports/Annual Stats FY 2025-2026/Physical - UCI Physical Filters",6
"Physical - UCI SCA Exclusions",1,NA,1,"sawx:sql",NA,"NOT(DESCRIPTOR_IDOF(""Physical Items"".""Institution"".""Institution Name"") = 4701 AND
""Location"".""Location Code"" IN ('gocrh', 'gseaa', 'spcol') AND
(""Bibliographic Details"".""Uniform Resource Identifier"" LIKE '%findaid%' OR ""Bibliographic Details"".""Uniform Resource Identifier"" LIKE '%oac.cdlib%'))","""Physical Items""","/shared/University of California System 01UCS_NETWORK/Reports/Local Requests/Annual Statistic Reports/Annual Stats FY 2025-2026/Physical - UCI SCA Exclusions",7
"Physical - UCLA Physical Filters",1,NA,1,"sawx:logical","and","(""Location"".""Location Name"" <> 'Problem location from Migration' AND ""Library Unit"".""Library Code"" NOT IN ('CLICC', 'CLICC_LOCKER', 'CLEANUP') AND NOT(DESCRIPTOR_IDOF(""Physical Items"".""Institution"".""Institution Name"") = 6533 AND ""Physical Item Details"".""Item Policy"" LIKE '%CLICC%') AND NOT(DESCRIPTOR_IDOF(""Physical Items"".""Institution"".""Institution Name"") = 6533 AND ""Physical Item Details"".""Item Policy"" LIKE '%hrome%ook%'))","""Physical Items""","/shared/University of California System 01UCS_NETWORK/Reports/Local Requests/Annual Statistic Reports/Annual Stats FY 2025-2026/Physical - UCLA Physical Filters",8
"Physical - UCLA Physical Filters",2,1,2,"sawx:comparison","notEqual","""Location"".""Location Name"" <> 'Problem location from Migration'","""Physical Items""","/shared/University of California System 01UCS_NETWORK/Reports/Local Requests/Annual Statistic Reports/Annual Stats FY 2025-2026/Physical - UCLA Physical Filters",8
"Physical - UCLA Physical Filters",3,2,3,"sawx:sqlExpression",NA,"""Location"".""Location Name""","""Physical Items""","/shared/University of California System 01UCS_NETWORK/Reports/Local Requests/Annual Statistic Reports/Annual Stats FY 2025-2026/Physical - UCLA Physical Filters",8
"Physical - UCLA Physical Filters",4,2,3,"xsd:string",NA,"'Problem location from Migration'","""Physical Items""","/shared/University of California System 01UCS_NETWORK/Reports/Local Requests/Annual Statistic Reports/Annual Stats FY 2025-2026/Physical - UCLA Physical Filters",8
"Physical - UCLA Physical Filters",5,1,2,"sawx:list","notIn","""Library Unit"".""Library Code"" NOT IN ('CLICC', 'CLICC_LOCKER', 'CLEANUP')","""Physical Items""","/shared/University of California System 01UCS_NETWORK/Reports/Local Requests/Annual Statistic Reports/Annual Stats FY 2025-2026/Physical - UCLA Physical Filters",8
"Physical - UCLA Physical Filters",6,5,3,"sawx:sqlExpression",NA,"""Library Unit"".""Library Code""","""Physical Items""","/shared/University of California System 01UCS_NETWORK/Reports/Local Requests/Annual Statistic Reports/Annual Stats FY 2025-2026/Physical - UCLA Physical Filters",8
"Physical - UCLA Physical Filters",7,5,3,"xsd:string",NA,"'CLICC'","""Physical Items""","/shared/University of California System 01UCS_NETWORK/Reports/Local Requests/Annual Statistic Reports/Annual Stats FY 2025-2026/Physical - UCLA Physical Filters",8
"Physical - UCLA Physical Filters",8,5,3,"xsd:string",NA,"'CLICC_LOCKER'","""Physical Items""","/shared/University of California System 01UCS_NETWORK/Reports/Local Requests/Annual Statistic Reports/Annual Stats FY 2025-2026/Physical - UCLA Physical Filters",8
"Physical - UCLA Physical Filters",9,5,3,"xsd:string",NA,"'CLEANUP'","""Physical Items""","/shared/University of California System 01UCS_NETWORK/Reports/Local Requests/Annual Statistic Reports/Annual Stats FY 2025-2026/Physical - UCLA Physical Filters",8
"Physical - UCLA Physical Filters",10,1,2,"sawx:sql",NA,"NOT(DESCRIPTOR_IDOF(""Physical Items"".""Institution"".""Institution Name"") = 6533 AND ""Physical Item Details"".""Item Policy"" LIKE '%CLICC%')","""Physical Items""","/shared/University of California System 01UCS_NETWORK/Reports/Local Requests/Annual Statistic Reports/Annual Stats FY 2025-2026/Physical - UCLA Physical Filters",8
"Physical - UCLA Physical Filters",11,1,2,"sawx:sql",NA,"NOT(DESCRIPTOR_IDOF(""Physical Items"".""Institution"".""Institution Name"") = 6533 AND ""Physical Item Details"".""Item Policy"" LIKE '%hrome%ook%')","""Physical Items""","/shared/University of California System 01UCS_NETWORK/Reports/Local Requests/Annual Statistic Reports/Annual Stats FY 2025-2026/Physical - UCLA Physical Filters",8
"Physical - UCLA SCA Exclusions",1,NA,1,"sawx:sql",NA,"NOT(DESCRIPTOR_IDOF(""Physical Items"".""Institution"".""Institution Name"") = 6533 AND
""Bibliographic Details"".""Material Type"" = 'Mixed material')","""Physical Items""","/shared/University of California System 01UCS_NETWORK/Reports/Local Requests/Annual Statistic Reports/Annual Stats FY 2025-2026/Physical - UCLA SCA Exclusions",9
"Physical - UCR Physical Filters",1,NA,1,"sawx:logical","and","(""Location"".""Location Code"" <> 'srlf' AND ""Location"".""Location Code"" <> 'xxx' AND ""Location"".""Location Name"" NOT IN ('zzCleanmxus', 'zzCleanedr', 'zzCleangf', 'zzCleango', 'zzCleangous', 'zzCleangpin', 'zzCleanr', 'zzCleanrccd', 'zzCleanrcp', 'zzCleanrroom', 'zzCleans', 'zzCleansccd', 'zzCleanscirs', 'zzCleansroom', 'zzCleanv', 'zzCleanvcas', 'zzCleanvcirc', 'zzDelete', 'Problem location from Migration'))","""Physical Items""","/shared/University of California System 01UCS_NETWORK/Reports/Local Requests/Annual Statistic Reports/Annual Stats FY 2025-2026/Physical - UCR Physical Filters",10
"Physical - UCR Physical Filters",2,1,2,"sawx:comparison","notEqual","""Location"".""Location Code"" <> 'srlf'","""Physical Items""","/shared/University of California System 01UCS_NETWORK/Reports/Local Requests/Annual Statistic Reports/Annual Stats FY 2025-2026/Physical - UCR Physical Filters",10
"Physical - UCR Physical Filters",3,2,3,"sawx:sqlExpression",NA,"""Location"".""Location Code""","""Physical Items""","/shared/University of California System 01UCS_NETWORK/Reports/Local Requests/Annual Statistic Reports/Annual Stats FY 2025-2026/Physical - UCR Physical Filters",10
"Physical - UCR Physical Filters",4,2,3,"xsd:string",NA,"'srlf'","""Physical Items""","/shared/University of California System 01UCS_NETWORK/Reports/Local Requests/Annual Statistic Reports/Annual Stats FY 2025-2026/Physical - UCR Physical Filters",10
"Physical - UCR Physical Filters",5,1,2,"sawx:comparison","notEqual","""Location"".""Location Code"" <> 'xxx'","""Physical Items""","/shared/University of California System 01UCS_NETWORK/Reports/Local Requests/Annual Statistic Reports/Annual Stats FY 2025-2026/Physical - UCR Physical Filters",10
"Physical - UCR Physical Filters",6,5,3,"sawx:sqlExpression",NA,"""Location"".""Location Code""","""Physical Items""","/shared/University of California System 01UCS_NETWORK/Reports/Local Requests/Annual Statistic Reports/Annual Stats FY 2025-2026/Physical - UCR Physical Filters",10
"Physical - UCR Physical Filters",7,5,3,"xsd:string",NA,"'xxx'","""Physical Items""","/shared/University of California System 01UCS_NETWORK/Reports/Local Requests/Annual Statistic Reports/Annual Stats FY 2025-2026/Physical - UCR Physical Filters",10
"Physical - UCR Physical Filters",8,1,2,"sawx:list","notIn","""Location"".""Location Name"" NOT IN ('zzCleanmxus', 'zzCleanedr', 'zzCleangf', 'zzCleango', 'zzCleangous', 'zzCleangpin', 'zzCleanr', 'zzCleanrccd', 'zzCleanrcp', 'zzCleanrroom', 'zzCleans', 'zzCleansccd', 'zzCleanscirs', 'zzCleansroom', 'zzCleanv', 'zzCleanvcas', 'zzCleanvcirc', 'zzDelete', 'Problem location from Migration')","""Physical Items""","/shared/University of California System 01UCS_NETWORK/Reports/Local Requests/Annual Statistic Reports/Annual Stats FY 2025-2026/Physical - UCR Physical Filters",10
"Physical - UCR Physical Filters",9,8,3,"sawx:sqlExpression",NA,"""Location"".""Location Name""","""Physical Items""","/shared/University of California System 01UCS_NETWORK/Reports/Local Requests/Annual Statistic Reports/Annual Stats FY 2025-2026/Physical - UCR Physical Filters",10
"Physical - UCR Physical Filters",10,8,3,"xsd:string",NA,"'zzCleanmxus'","""Physical Items""","/shared/University of California System 01UCS_NETWORK/Reports/Local Requests/Annual Statistic Reports/Annual Stats FY 2025-2026/Physical - UCR Physical Filters",10
"Physical - UCR Physical Filters",11,8,3,"xsd:string",NA,"'zzCleanedr'","""Physical Items""","/shared/University of California System 01UCS_NETWORK/Reports/Local Requests/Annual Statistic Reports/Annual Stats FY 2025-2026/Physical - UCR Physical Filters",10
"Physical - UCR Physical Filters",12,8,3,"xsd:string",NA,"'zzCleangf'","""Physical Items""","/shared/University of California System 01UCS_NETWORK/Reports/Local Requests/Annual Statistic Reports/Annual Stats FY 2025-2026/Physical - UCR Physical Filters",10
"Physical - UCR Physical Filters",13,8,3,"xsd:string",NA,"'zzCleango'","""Physical Items""","/shared/University of California System 01UCS_NETWORK/Reports/Local Requests/Annual Statistic Reports/Annual Stats FY 2025-2026/Physical - UCR Physical Filters",10
"Physical - UCR Physical Filters",14,8,3,"xsd:string",NA,"'zzCleangous'","""Physical Items""","/shared/University of California System 01UCS_NETWORK/Reports/Local Requests/Annual Statistic Reports/Annual Stats FY 2025-2026/Physical - UCR Physical Filters",10
"Physical - UCR Physical Filters",15,8,3,"xsd:string",NA,"'zzCleangpin'","""Physical Items""","/shared/University of California System 01UCS_NETWORK/Reports/Local Requests/Annual Statistic Reports/Annual Stats FY 2025-2026/Physical - UCR Physical Filters",10
"Physical - UCR Physical Filters",16,8,3,"xsd:string",NA,"'zzCleanr'","""Physical Items""","/shared/University of California System 01UCS_NETWORK/Reports/Local Requests/Annual Statistic Reports/Annual Stats FY 2025-2026/Physical - UCR Physical Filters",10
"Physical - UCR Physical Filters",17,8,3,"xsd:string",NA,"'zzCleanrccd'","""Physical Items""","/shared/University of California System 01UCS_NETWORK/Reports/Local Requests/Annual Statistic Reports/Annual Stats FY 2025-2026/Physical - UCR Physical Filters",10
"Physical - UCR Physical Filters",18,8,3,"xsd:string",NA,"'zzCleanrcp'","""Physical Items""","/shared/University of California System 01UCS_NETWORK/Reports/Local Requests/Annual Statistic Reports/Annual Stats FY 2025-2026/Physical - UCR Physical Filters",10
"Physical - UCR Physical Filters",19,8,3,"xsd:string",NA,"'zzCleanrroom'","""Physical Items""","/shared/University of California System 01UCS_NETWORK/Reports/Local Requests/Annual Statistic Reports/Annual Stats FY 2025-2026/Physical - UCR Physical Filters",10
"Physical - UCR Physical Filters",20,8,3,"xsd:string",NA,"'zzCleans'","""Physical Items""","/shared/University of California System 01UCS_NETWORK/Reports/Local Requests/Annual Statistic Reports/Annual Stats FY 2025-2026/Physical - UCR Physical Filters",10
"Physical - UCR Physical Filters",21,8,3,"xsd:string",NA,"'zzCleansccd'","""Physical Items""","/shared/University of California System 01UCS_NETWORK/Reports/Local Requests/Annual Statistic Reports/Annual Stats FY 2025-2026/Physical - UCR Physical Filters",10
"Physical - UCR Physical Filters",22,8,3,"xsd:string",NA,"'zzCleanscirs'","""Physical Items""","/shared/University of California System 01UCS_NETWORK/Reports/Local Requests/Annual Statistic Reports/Annual Stats FY 2025-2026/Physical - UCR Physical Filters",10
"Physical - UCR Physical Filters",23,8,3,"xsd:string",NA,"'zzCleansroom'","""Physical Items""","/shared/University of California System 01UCS_NETWORK/Reports/Local Requests/Annual Statistic Reports/Annual Stats FY 2025-2026/Physical - UCR Physical Filters",10
"Physical - UCR Physical Filters",24,8,3,"xsd:string",NA,"'zzCleanv'","""Physical Items""","/shared/University of California System 01UCS_NETWORK/Reports/Local Requests/Annual Statistic Reports/Annual Stats FY 2025-2026/Physical - UCR Physical Filters",10
"Physical - UCR Physical Filters",25,8,3,"xsd:string",NA,"'zzCleanvcas'","""Physical Items""","/shared/University of California System 01UCS_NETWORK/Reports/Local Requests/Annual Statistic Reports/Annual Stats FY 2025-2026/Physical - UCR Physical Filters",10
"Physical - UCR Physical Filters",26,8,3,"xsd:string",NA,"'zzCleanvcirc'","""Physical Items""","/shared/University of California System 01UCS_NETWORK/Reports/Local Requests/Annual Statistic Reports/Annual Stats FY 2025-2026/Physical - UCR Physical Filters",10
"Physical - UCR Physical Filters",27,8,3,"xsd:string",NA,"'zzDelete'","""Physical Items""","/shared/University of California System 01UCS_NETWORK/Reports/Local Requests/Annual Statistic Reports/Annual Stats FY 2025-2026/Physical - UCR Physical Filters",10
"Physical - UCR Physical Filters",28,8,3,"xsd:string",NA,"'Problem location from Migration'","""Physical Items""","/shared/University of California System 01UCS_NETWORK/Reports/Local Requests/Annual Statistic Reports/Annual Stats FY 2025-2026/Physical - UCR Physical Filters",10
"Physical - UCR SCA exclusions",1,NA,1,"sawx:sql",NA,"NOT(DESCRIPTOR_IDOF(""Physical Items"".""Institution"".""Institution Name"") = 4706 AND ""Location"".""Location Name"" IN ('Southern Regional Library Facility Special Collections & University Archives', 'Special Collections', 'Special Collections Archives', 'Special Collections Artists Books', 'Special Collections Artists Books Flat', 'Special Collections Artists Books Oversize', 'Special Collections Artists Books Tiny', 'Special Collections Artists Books Vault', 'Special Collections CD', 'Special Collections Computer File', 'Special Collections Costo', 'Special Collections Costo Oversize', 'Special Collections Costo Oversize V', 'Special Collections Costo Vault', 'Special Collections Flat', 'Special Collections Flat V', 'Special Collections Leaves Flat Vault', 'Special Collections Leaves Oversize Vault', 'Special Collections Leaves Tiny Vault', 'Special Collections Leaves Vault', 'Special Collections Manuscripts', 'Special Collections Map Case', 'Special Collections Map Rivera', 'Special Collections Oversize', 'Special Collections Oversize Vault', 'Special Collections Pamphlets', 'Special Collections Photo', 'Special Collections Photo Oversize', 'Special Collections Reserve', 'Special Collections Staff Reference', 'Special Collections Thesis', 'Special Collections Tiny', 'Special Collections Tiny Vault', 'Special Collections Traven', 'Special Collections Traven Oversize', 'Special Collections Traven Vault', 'Special Collections Vault', 'Special Collections Video Tape') AND
""Physical Item Details"".""Material Type"" = 'Archival Material')","""Physical Items""","/shared/University of California System 01UCS_NETWORK/Reports/Local Requests/Annual Statistic Reports/Annual Stats FY 2025-2026/Physical - UCR SCA exclusions",11
"Physical - UCSB Physical filters",1,NA,1,"sawx:comparison","notEqual","""Location"".""Location Code"" <> 'srlf'","""Physical Items""","/shared/University of California System 01UCS_NETWORK/Reports/Local Requests/Annual Statistic Reports/Annual Stats FY 2025-2026/Physical - UCSB Physical filters",12
"Physical - UCSB Physical filters",2,1,2,"sawx:sqlExpression",NA,"""Location"".""Location Code""","""Physical Items""","/shared/University of California System 01UCS_NETWORK/Reports/Local Requests/Annual Statistic Reports/Annual Stats FY 2025-2026/Physical - UCSB Physical filters",12
"Physical - UCSB Physical filters",3,1,2,"xsd:string",NA,"'srlf'","""Physical Items""","/shared/University of California System 01UCS_NETWORK/Reports/Local Requests/Annual Statistic Reports/Annual Stats FY 2025-2026/Physical - UCSB Physical filters",12
"Physical - UCSC Physical Filters",1,NA,1,"sawx:logical","and","(""Location"".""Location Code"" NOT IN ('srlf', 'zdelete', 'zdelete15', 'SRLF') AND ""Location"".""Location Name"" <> 'zdelete')","""Physical Items""","/shared/University of California System 01UCS_NETWORK/Reports/Local Requests/Annual Statistic Reports/Annual Stats FY 2025-2026/Physical - UCSC Physical Filters",13
"Physical - UCSC Physical Filters",2,1,2,"sawx:list","notIn","""Location"".""Location Code"" NOT IN ('srlf', 'zdelete', 'zdelete15', 'SRLF')","""Physical Items""","/shared/University of California System 01UCS_NETWORK/Reports/Local Requests/Annual Statistic Reports/Annual Stats FY 2025-2026/Physical - UCSC Physical Filters",13
"Physical - UCSC Physical Filters",3,2,3,"sawx:sqlExpression",NA,"""Location"".""Location Code""","""Physical Items""","/shared/University of California System 01UCS_NETWORK/Reports/Local Requests/Annual Statistic Reports/Annual Stats FY 2025-2026/Physical - UCSC Physical Filters",13
"Physical - UCSC Physical Filters",4,2,3,"xsd:string",NA,"'srlf'","""Physical Items""","/shared/University of California System 01UCS_NETWORK/Reports/Local Requests/Annual Statistic Reports/Annual Stats FY 2025-2026/Physical - UCSC Physical Filters",13
"Physical - UCSC Physical Filters",5,2,3,"xsd:string",NA,"'zdelete'","""Physical Items""","/shared/University of California System 01UCS_NETWORK/Reports/Local Requests/Annual Statistic Reports/Annual Stats FY 2025-2026/Physical - UCSC Physical Filters",13
"Physical - UCSC Physical Filters",6,2,3,"xsd:string",NA,"'zdelete15'","""Physical Items""","/shared/University of California System 01UCS_NETWORK/Reports/Local Requests/Annual Statistic Reports/Annual Stats FY 2025-2026/Physical - UCSC Physical Filters",13
"Physical - UCSC Physical Filters",7,2,3,"xsd:string",NA,"'SRLF'","""Physical Items""","/shared/University of California System 01UCS_NETWORK/Reports/Local Requests/Annual Statistic Reports/Annual Stats FY 2025-2026/Physical - UCSC Physical Filters",13
"Physical - UCSC Physical Filters",8,1,2,"sawx:comparison","notEqual","""Location"".""Location Name"" <> 'zdelete'","""Physical Items""","/shared/University of California System 01UCS_NETWORK/Reports/Local Requests/Annual Statistic Reports/Annual Stats FY 2025-2026/Physical - UCSC Physical Filters",13
"Physical - UCSC Physical Filters",9,8,3,"sawx:sqlExpression",NA,"""Location"".""Location Name""","""Physical Items""","/shared/University of California System 01UCS_NETWORK/Reports/Local Requests/Annual Statistic Reports/Annual Stats FY 2025-2026/Physical - UCSC Physical Filters",13
"Physical - UCSC Physical Filters",10,8,3,"xsd:string",NA,"'zdelete'","""Physical Items""","/shared/University of California System 01UCS_NETWORK/Reports/Local Requests/Annual Statistic Reports/Annual Stats FY 2025-2026/Physical - UCSC Physical Filters",13
"Physical - UCSC SCA Exclusions",1,NA,1,"sawx:logical","and","(NOT (CASE WHEN DESCRIPTOR_IDOF(""Physical Items"".""Institution"".""Institution Name"") = 6532 AND
""Location"".""Location Name"" IN ('Art History/Classics Special Collections', 'Asian American Studies Special Collection', 'Chemistry Special Collection', 'Chicano Studies Special Collections', 'Comparative Ethnic Studies Special Collections', 'East Asian Special Collections', 'Institute of Governmental Studies Special collections', 'Native American Studies Special Collections', 'Physics-Astronomy Special Collection') THEN 'Physical Materials (non-SCA)' WHEN ""Location"".""Library Code"" IN ('SPECIALCOL', 'SSPEC') THEN 'SCA Locations' WHEN ""Location"".""Library Name"" IN ('Archives and Special Collections', 'Library Special Collections', 'Shields Special Collections', 'Special Collections & Archives', 'Special Collections & University Archives') THEN 'SCA Locations' WHEN ""Location"".""Location Name"" IN ('*YRL SpecColl Acq', 'AAS SpecColl', 'AIS SpecColl', 'AIS SpecColl AV', 'AIS SpecColl Audio', 'AIS SpecColl Video', 'Art History/Classics Special Collections', 'Asian American Studies Special Collection', 'Bio Hist SpecColl', 'Bio SpecColl', 'Bio SpecColl Box Mono', 'Bio SpecColl Box Serial', 'Bio SpecColl Cage', 'Bio SpecColl Cage Mss', 'Bio SpecColl Cage Over*', 'Bio SpecColl Cage Over**', 'Bio SpecColl Rare', 'Bio SpecColl Rare Benj', 'Bio SpecColl Rare Over*', 'Bio SpecColl Vault', 'Bio SpecColl Vault Over*', 'Bio SpecColl Vault Over**', 'CAAS SpecColl Audio', 'CAAS SpecColl Video', 'Chemistry Special Collection', 'Chicano Studies Special Collections', 'Comparative Ethnic Studies Special Collections', 'East Asian Special Collections', 'History Reference in Special Collections', 'Institute of Governmental Studies Special collections', 'Langson Library Special Collections and Archives', 'Mgmt Special Collections', 'Native American Studies Special Collections', 'PerfArts SpecColl Art', 'PerfArts SpecColl Mus', 'PerfArts SpecColl Sheet', 'Physics-Astronomy Special Collection', 'SEL EMS SpecColl Tallman', 'SEL GG SpecColl Lock Case', 'Southern Regional Library Facility (SRLF) Storage, request in Langson Library Special Collections', 'Southern Regional Library Facility Special Collections & University Archives', 'Spec Coll', 'Spec Coll Annex', 'Spec Coll Annex Oversize', 'Spec Coll Esther Rice Room', 'Spec Coll Flat Files', 'Spec Coll Maps', 'Spec Coll Microfilm', 'Spec Coll NRLF', 'Spec Coll Oversize', 'Spec Coll Oversize Maps', 'Special Coll., American Religions Coll Oversize', 'Special Coll., American Religions Collection', 'Special Coll., Bernath Collection', 'Special Coll., Bernath Collection Oversize', 'Special Coll., CA Ethnic & Multicultural Archives', 'Special Coll., Darwin Collection', 'Special Coll., Darwin Collection Oversize', 'Special Coll., Darwin Collection, V', 'Special Coll., Humanistic Psychology Archive', 'Special Coll., Performing Arts', 'Special Coll., Printers Collection', 'Special Coll., Printers Collection Flat Files', 'Special Coll., Printers Collection Oversize', 'Special Coll., Printers Collection, V', 'Special Coll., Santa Barbara History', 'Special Coll., University Archives', 'Special Coll., Wyles Collection', 'Special Coll., Wyles Collection Flat Files', 'Special Coll., Wyles Collection Maps', 'Special Coll., Wyles Collection Oversize', 'Special Coll., Wyles Collection, V', 'Special Collection', 'Special Collections', 'Special Collections Archives', 'Special Collections Artists Books', 'Special Collections Artists Books Flat', 'Special Collections Artists Books Oversize', 'Special Collections Artists Books Tiny', 'Special Collections Artists Books Vault', 'Special Collections CD', 'Special Collections Computer File', 'Special Collections Costo', 'Special Collections Costo Oversize', 'Special Collections Costo Oversize V', 'Special Collections Costo Vault', 'Special Collections Flat', 'Special Collections Flat V', 'Special Collections Leaves Flat Vault', 'Special Collections Leaves Oversize Vault', 'Special Collections Leaves Tiny Vault', 'Special Collections Leaves Vault', 'Special Collections Manuscripts', 'Special Collections Map Case', 'Special Collections Map Rivera', 'Special Collections Oversize', 'Special Collections Oversize Vault', 'Special Collections Pamphlets', 'Special Collections Photo', 'Special Collections Photo Oversize', 'Special Collections Photo Tiny', 'Special Collections Reserve', 'Special Collections Snyder Collection', 'Special Collections Staff Reference', 'Special Collections Thesis', 'Special Collections Thesis Oversize', 'Special Collections Tiny', 'Special Collections Tiny Vault', 'Special Collections Traven', 'Special Collections Traven Oversize', 'Special Collections Traven Vault', 'Special Collections Vault', 'Special Collections Video Tape', 'Special Collections at SRLF', 'Special Collections, Flat Files', 'Special Collections, Manuscripts', 'Special Collections, Maps', 'Special Collections, Microform Master', 'Special Collections, Microforms', 'Special Collections, Oral History', 'Special Collections, University Publications', 'Special Collections, V', 'Tobacco Control Reference in Special Collections', 'UCD Special Collections (NRLF)', 'UCL Shared Print Special Coll., American Religions Collection', 'UCL Shared Print Special Collections', 'UCSC Special Collections (NRLF)', 'UCSF Special Collections (NRLF)', 'YRL SpecColl A-M Aldine', 'YRL SpecColl A-M Incunabu', 'YRL SpecColl Back CBC', 'YRL SpecColl Backlog', 'YRL SpecColl Bind Prep', 'YRL SpecColl Booth Room', 'YRL SpecColl Box Mono', 'YRL SpecColl Box Serial', 'YRL SpecColl Broadsides', 'YRL SpecColl CBC', 'YRL SpecColl CBC*', 'YRL SpecColl Miniature', 'YRL SpecColl Oversize*', 'YRL SpecColl Oversize**', 'YRL SpecColl Oversize***', 'YRL SpecColl Rare Belt', 'YRL SpecColl Rare Belt*', 'YRL SpecColl Rare Belt**', 'YRL SpecColl Safe', 'YRL SpecColl Stacks', 'YRL SpecColl Vault', 'YRL Special Collections') THEN 'SCA Locations' WHEN DESCRIPTOR_IDOF(""Physical Items"".""Institution"".""Institution Name"") = 6532 AND
""Location"".""Library Name"" = 'Bancroft Library/University Archives' THEN 'SCA Locations' WHEN DESCRIPTOR_IDOF(""Physical Items"".""Institution"".""Institution Name"") = 6532 AND
""Location"".""Library Name"" = 'Northern Regional Library Facility' AND
""Location"".""Location Code"" LIKE 'n%r' THEN 'SCA Locations' WHEN DESCRIPTOR_IDOF(""Physical Items"".""Institution"".""Institution Name"") = 6533 AND
""Physical Item Details"".""Statistics Note 1"" LIKE '%Spec Coll%' THEN 'SCA Locations' ELSE 'Physical Materials (non-SCA)' END  = 'SCA Locations' AND
DESCRIPTOR_IDOF(""Physical Items"".""Institution"".""Institution Name"") = 4876 AND
""Holding Details"".""Permanent Call Number"" LIKE 'MS%') AND NOT (CASE  WHEN DESCRIPTOR_IDOF(""Physical Items"".""Institution"".""Institution Name"") = 6532 AND
""Location"".""Location Name"" IN ('Art History/Classics Special Collections', 'Asian American Studies Special Collection', 'Chemistry Special Collection', 'Chicano Studies Special Collections', 'Comparative Ethnic Studies Special Collections', 'East Asian Special Collections', 'Institute of Governmental Studies Special collections', 'Native American Studies Special Collections', 'Physics-Astronomy Special Collection') THEN 'Physical Materials (non-SCA)' WHEN ""Location"".""Library Code"" IN ('SPECIALCOL', 'SSPEC') THEN 'SCA Locations' WHEN ""Location"".""Library Name"" IN ('Archives and Special Collections', 'Library Special Collections', 'Shields Special Collections', 'Special Collections & Archives', 'Special Collections & University Archives') THEN 'SCA Locations' WHEN ""Location"".""Location Name"" IN ('*YRL SpecColl Acq', 'AAS SpecColl', 'AIS SpecColl', 'AIS SpecColl AV', 'AIS SpecColl Audio', 'AIS SpecColl Video', 'Art History/Classics Special Collections', 'Asian American Studies Special Collection', 'Bio Hist SpecColl', 'Bio SpecColl', 'Bio SpecColl Box Mono', 'Bio SpecColl Box Serial', 'Bio SpecColl Cage', 'Bio SpecColl Cage Mss', 'Bio SpecColl Cage Over*', 'Bio SpecColl Cage Over**', 'Bio SpecColl Rare', 'Bio SpecColl Rare Benj', 'Bio SpecColl Rare Over*', 'Bio SpecColl Vault', 'Bio SpecColl Vault Over*', 'Bio SpecColl Vault Over**', 'CAAS SpecColl Audio', 'CAAS SpecColl Video', 'Chemistry Special Collection', 'Chicano Studies Special Collections', 'Comparative Ethnic Studies Special Collections', 'East Asian Special Collections', 'History Reference in Special Collections', 'Institute of Governmental Studies Special collections', 'Langson Library Special Collections and Archives', 'Mgmt Special Collections', 'Native American Studies Special Collections', 'PerfArts SpecColl Art', 'PerfArts SpecColl Mus', 'PerfArts SpecColl Sheet', 'Physics-Astronomy Special Collection', 'SEL EMS SpecColl Tallman', 'SEL GG SpecColl Lock Case', 'Southern Regional Library Facility (SRLF) Storage, request in Langson Library Special Collections', 'Southern Regional Library Facility Special Collections & University Archives', 'Spec Coll', 'Spec Coll Annex', 'Spec Coll Annex Oversize', 'Spec Coll Esther Rice Room', 'Spec Coll Flat Files', 'Spec Coll Maps', 'Spec Coll Microfilm', 'Spec Coll NRLF', 'Spec Coll Oversize', 'Spec Coll Oversize Maps', 'Special Coll., American Religions Coll Oversize', 'Special Coll., American Religions Collection', 'Special Coll., Bernath Collection', 'Special Coll., Bernath Collection Oversize', 'Special Coll., CA Ethnic & Multicultural Archives', 'Special Coll., Darwin Collection', 'Special Coll., Darwin Collection Oversize', 'Special Coll., Darwin Collection, V', 'Special Coll., Humanistic Psychology Archive', 'Special Coll., Performing Arts', 'Special Coll., Printers Collection', 'Special Coll., Printers Collection Flat Files', 'Special Coll., Printers Collection Oversize', 'Special Coll., Printers Collection, V', 'Special Coll., Santa Barbara History', 'Special Coll., University Archives', 'Special Coll., Wyles Collection', 'Special Coll., Wyles Collection Flat Files', 'Special Coll., Wyles Collection Maps', 'Special Coll., Wyles Collection Oversize', 'Special Coll., Wyles Collection, V', 'Special Collection', 'Special Collections', 'Special Collections Archives', 'Special Collections Artists Books', 'Special Collections Artists Books Flat', 'Special Collections Artists Books Oversize', 'Special Collections Artists Books Tiny', 'Special Collections Artists Books Vault', 'Special Collections CD', 'Special Collections Computer File', 'Special Collections Costo', 'Special Collections Costo Oversize', 'Special Collections Costo Oversize V', 'Special Collections Costo Vault', 'Special Collections Flat', 'Special Collections Flat V', 'Special Collections Leaves Flat Vault', 'Special Collections Leaves Oversize Vault', 'Special Collections Leaves Tiny Vault', 'Special Collections Leaves Vault', 'Special Collections Manuscripts', 'Special Collections Map Case', 'Special Collections Map Rivera', 'Special Collections Oversize', 'Special Collections Oversize Vault', 'Special Collections Pamphlets', 'Special Collections Photo', 'Special Collections Photo Oversize', 'Special Collections Photo Tiny', 'Special Collections Reserve', 'Special Collections Snyder Collection', 'Special Collections Staff Reference', 'Special Collections Thesis', 'Special Collections Thesis Oversize', 'Special Collections Tiny', 'Special Collections Tiny Vault', 'Special Collections Traven', 'Special Collections Traven Oversize', 'Special Collections Traven Vault', 'Special Collections Vault', 'Special Collections Video Tape', 'Special Collections at SRLF', 'Special Collections, Flat Files', 'Special Collections, Manuscripts', 'Special Collections, Maps', 'Special Collections, Microform Master', 'Special Collections, Microforms', 'Special Collections, Oral History', 'Special Collections, University Publications', 'Special Collections, V', 'Tobacco Control Reference in Special Collections', 'UCD Special Collections (NRLF)', 'UCL Shared Print Special Coll., American Religions Collection', 'UCL Shared Print Special Collections', 'UCSC Special Collections (NRLF)', 'UCSF Special Collections (NRLF)', 'YRL SpecColl A-M Aldine', 'YRL SpecColl A-M Incunabu', 'YRL SpecColl Back CBC', 'YRL SpecColl Backlog', 'YRL SpecColl Bind Prep', 'YRL SpecColl Booth Room', 'YRL SpecColl Box Mono', 'YRL SpecColl Box Serial', 'YRL SpecColl Broadsides', 'YRL SpecColl CBC', 'YRL SpecColl CBC*', 'YRL SpecColl Miniature', 'YRL SpecColl Oversize*', 'YRL SpecColl Oversize**', 'YRL SpecColl Oversize***', 'YRL SpecColl Rare Belt', 'YRL SpecColl Rare Belt*', 'YRL SpecColl Rare Belt**', 'YRL SpecColl Safe', 'YRL SpecColl Stacks', 'YRL SpecColl Vault', 'YRL Special Collections') THEN 'SCA Locations' WHEN DESCRIPTOR_IDOF(""Physical Items"".""Institution"".""Institution Name"") = 6532 AND
""Location"".""Library Name"" = 'Bancroft Library/University Archives' THEN 'SCA Locations' WHEN DESCRIPTOR_IDOF(""Physical Items"".""Institution"".""Institution Name"") = 6532 AND
""Location"".""Library Name"" = 'Northern Regional Library Facility' AND
""Location"".""Location Code"" LIKE 'n%r' THEN 'SCA Locations' WHEN DESCRIPTOR_IDOF(""Physical Items"".""Institution"".""Institution Name"") = 6533 AND
""Physical Item Details"".""Statistics Note 1"" LIKE '%Spec Coll%' THEN 'SCA Locations' ELSE 'Physical Materials (non-SCA)' END  = 'SCA Locations' AND
DESCRIPTOR_IDOF(""Physical Items"".""Institution"".""Institution Name"") = 4876 AND
""Holding Details"".""Permanent Call Number"" LIKE 'UA%'))","""Physical Items""","/shared/University of California System 01UCS_NETWORK/Reports/Local Requests/Annual Statistic Reports/Annual Stats FY 2025-2026/Physical - UCSC SCA Exclusions",14
"Physical - UCSC SCA Exclusions",2,1,2,"sawx:sql",NA,"NOT (CASE WHEN DESCRIPTOR_IDOF(""Physical Items"".""Institution"".""Institution Name"") = 6532 AND
""Location"".""Location Name"" IN ('Art History/Classics Special Collections', 'Asian American Studies Special Collection', 'Chemistry Special Collection', 'Chicano Studies Special Collections', 'Comparative Ethnic Studies Special Collections', 'East Asian Special Collections', 'Institute of Governmental Studies Special collections', 'Native American Studies Special Collections', 'Physics-Astronomy Special Collection') THEN 'Physical Materials (non-SCA)' WHEN ""Location"".""Library Code"" IN ('SPECIALCOL', 'SSPEC') THEN 'SCA Locations' WHEN ""Location"".""Library Name"" IN ('Archives and Special Collections', 'Library Special Collections', 'Shields Special Collections', 'Special Collections & Archives', 'Special Collections & University Archives') THEN 'SCA Locations' WHEN ""Location"".""Location Name"" IN ('*YRL SpecColl Acq', 'AAS SpecColl', 'AIS SpecColl', 'AIS SpecColl AV', 'AIS SpecColl Audio', 'AIS SpecColl Video', 'Art History/Classics Special Collections', 'Asian American Studies Special Collection', 'Bio Hist SpecColl', 'Bio SpecColl', 'Bio SpecColl Box Mono', 'Bio SpecColl Box Serial', 'Bio SpecColl Cage', 'Bio SpecColl Cage Mss', 'Bio SpecColl Cage Over*', 'Bio SpecColl Cage Over**', 'Bio SpecColl Rare', 'Bio SpecColl Rare Benj', 'Bio SpecColl Rare Over*', 'Bio SpecColl Vault', 'Bio SpecColl Vault Over*', 'Bio SpecColl Vault Over**', 'CAAS SpecColl Audio', 'CAAS SpecColl Video', 'Chemistry Special Collection', 'Chicano Studies Special Collections', 'Comparative Ethnic Studies Special Collections', 'East Asian Special Collections', 'History Reference in Special Collections', 'Institute of Governmental Studies Special collections', 'Langson Library Special Collections and Archives', 'Mgmt Special Collections', 'Native American Studies Special Collections', 'PerfArts SpecColl Art', 'PerfArts SpecColl Mus', 'PerfArts SpecColl Sheet', 'Physics-Astronomy Special Collection', 'SEL EMS SpecColl Tallman', 'SEL GG SpecColl Lock Case', 'Southern Regional Library Facility (SRLF) Storage, request in Langson Library Special Collections', 'Southern Regional Library Facility Special Collections & University Archives', 'Spec Coll', 'Spec Coll Annex', 'Spec Coll Annex Oversize', 'Spec Coll Esther Rice Room', 'Spec Coll Flat Files', 'Spec Coll Maps', 'Spec Coll Microfilm', 'Spec Coll NRLF', 'Spec Coll Oversize', 'Spec Coll Oversize Maps', 'Special Coll., American Religions Coll Oversize', 'Special Coll., American Religions Collection', 'Special Coll., Bernath Collection', 'Special Coll., Bernath Collection Oversize', 'Special Coll., CA Ethnic & Multicultural Archives', 'Special Coll., Darwin Collection', 'Special Coll., Darwin Collection Oversize', 'Special Coll., Darwin Collection, V', 'Special Coll., Humanistic Psychology Archive', 'Special Coll., Performing Arts', 'Special Coll., Printers Collection', 'Special Coll., Printers Collection Flat Files', 'Special Coll., Printers Collection Oversize', 'Special Coll., Printers Collection, V', 'Special Coll., Santa Barbara History', 'Special Coll., University Archives', 'Special Coll., Wyles Collection', 'Special Coll., Wyles Collection Flat Files', 'Special Coll., Wyles Collection Maps', 'Special Coll., Wyles Collection Oversize', 'Special Coll., Wyles Collection, V', 'Special Collection', 'Special Collections', 'Special Collections Archives', 'Special Collections Artists Books', 'Special Collections Artists Books Flat', 'Special Collections Artists Books Oversize', 'Special Collections Artists Books Tiny', 'Special Collections Artists Books Vault', 'Special Collections CD', 'Special Collections Computer File', 'Special Collections Costo', 'Special Collections Costo Oversize', 'Special Collections Costo Oversize V', 'Special Collections Costo Vault', 'Special Collections Flat', 'Special Collections Flat V', 'Special Collections Leaves Flat Vault', 'Special Collections Leaves Oversize Vault', 'Special Collections Leaves Tiny Vault', 'Special Collections Leaves Vault', 'Special Collections Manuscripts', 'Special Collections Map Case', 'Special Collections Map Rivera', 'Special Collections Oversize', 'Special Collections Oversize Vault', 'Special Collections Pamphlets', 'Special Collections Photo', 'Special Collections Photo Oversize', 'Special Collections Photo Tiny', 'Special Collections Reserve', 'Special Collections Snyder Collection', 'Special Collections Staff Reference', 'Special Collections Thesis', 'Special Collections Thesis Oversize', 'Special Collections Tiny', 'Special Collections Tiny Vault', 'Special Collections Traven', 'Special Collections Traven Oversize', 'Special Collections Traven Vault', 'Special Collections Vault', 'Special Collections Video Tape', 'Special Collections at SRLF', 'Special Collections, Flat Files', 'Special Collections, Manuscripts', 'Special Collections, Maps', 'Special Collections, Microform Master', 'Special Collections, Microforms', 'Special Collections, Oral History', 'Special Collections, University Publications', 'Special Collections, V', 'Tobacco Control Reference in Special Collections', 'UCD Special Collections (NRLF)', 'UCL Shared Print Special Coll., American Religions Collection', 'UCL Shared Print Special Collections', 'UCSC Special Collections (NRLF)', 'UCSF Special Collections (NRLF)', 'YRL SpecColl A-M Aldine', 'YRL SpecColl A-M Incunabu', 'YRL SpecColl Back CBC', 'YRL SpecColl Backlog', 'YRL SpecColl Bind Prep', 'YRL SpecColl Booth Room', 'YRL SpecColl Box Mono', 'YRL SpecColl Box Serial', 'YRL SpecColl Broadsides', 'YRL SpecColl CBC', 'YRL SpecColl CBC*', 'YRL SpecColl Miniature', 'YRL SpecColl Oversize*', 'YRL SpecColl Oversize**', 'YRL SpecColl Oversize***', 'YRL SpecColl Rare Belt', 'YRL SpecColl Rare Belt*', 'YRL SpecColl Rare Belt**', 'YRL SpecColl Safe', 'YRL SpecColl Stacks', 'YRL SpecColl Vault', 'YRL Special Collections') THEN 'SCA Locations' WHEN DESCRIPTOR_IDOF(""Physical Items"".""Institution"".""Institution Name"") = 6532 AND
""Location"".""Library Name"" = 'Bancroft Library/University Archives' THEN 'SCA Locations' WHEN DESCRIPTOR_IDOF(""Physical Items"".""Institution"".""Institution Name"") = 6532 AND
""Location"".""Library Name"" = 'Northern Regional Library Facility' AND
""Location"".""Location Code"" LIKE 'n%r' THEN 'SCA Locations' WHEN DESCRIPTOR_IDOF(""Physical Items"".""Institution"".""Institution Name"") = 6533 AND
""Physical Item Details"".""Statistics Note 1"" LIKE '%Spec Coll%' THEN 'SCA Locations' ELSE 'Physical Materials (non-SCA)' END  = 'SCA Locations' AND
DESCRIPTOR_IDOF(""Physical Items"".""Institution"".""Institution Name"") = 4876 AND
""Holding Details"".""Permanent Call Number"" LIKE 'MS%')","""Physical Items""","/shared/University of California System 01UCS_NETWORK/Reports/Local Requests/Annual Statistic Reports/Annual Stats FY 2025-2026/Physical - UCSC SCA Exclusions",14
"Physical - UCSC SCA Exclusions",3,1,2,"sawx:sql",NA,"NOT (CASE  WHEN DESCRIPTOR_IDOF(""Physical Items"".""Institution"".""Institution Name"") = 6532 AND
""Location"".""Location Name"" IN ('Art History/Classics Special Collections', 'Asian American Studies Special Collection', 'Chemistry Special Collection', 'Chicano Studies Special Collections', 'Comparative Ethnic Studies Special Collections', 'East Asian Special Collections', 'Institute of Governmental Studies Special collections', 'Native American Studies Special Collections', 'Physics-Astronomy Special Collection') THEN 'Physical Materials (non-SCA)' WHEN ""Location"".""Library Code"" IN ('SPECIALCOL', 'SSPEC') THEN 'SCA Locations' WHEN ""Location"".""Library Name"" IN ('Archives and Special Collections', 'Library Special Collections', 'Shields Special Collections', 'Special Collections & Archives', 'Special Collections & University Archives') THEN 'SCA Locations' WHEN ""Location"".""Location Name"" IN ('*YRL SpecColl Acq', 'AAS SpecColl', 'AIS SpecColl', 'AIS SpecColl AV', 'AIS SpecColl Audio', 'AIS SpecColl Video', 'Art History/Classics Special Collections', 'Asian American Studies Special Collection', 'Bio Hist SpecColl', 'Bio SpecColl', 'Bio SpecColl Box Mono', 'Bio SpecColl Box Serial', 'Bio SpecColl Cage', 'Bio SpecColl Cage Mss', 'Bio SpecColl Cage Over*', 'Bio SpecColl Cage Over**', 'Bio SpecColl Rare', 'Bio SpecColl Rare Benj', 'Bio SpecColl Rare Over*', 'Bio SpecColl Vault', 'Bio SpecColl Vault Over*', 'Bio SpecColl Vault Over**', 'CAAS SpecColl Audio', 'CAAS SpecColl Video', 'Chemistry Special Collection', 'Chicano Studies Special Collections', 'Comparative Ethnic Studies Special Collections', 'East Asian Special Collections', 'History Reference in Special Collections', 'Institute of Governmental Studies Special collections', 'Langson Library Special Collections and Archives', 'Mgmt Special Collections', 'Native American Studies Special Collections', 'PerfArts SpecColl Art', 'PerfArts SpecColl Mus', 'PerfArts SpecColl Sheet', 'Physics-Astronomy Special Collection', 'SEL EMS SpecColl Tallman', 'SEL GG SpecColl Lock Case', 'Southern Regional Library Facility (SRLF) Storage, request in Langson Library Special Collections', 'Southern Regional Library Facility Special Collections & University Archives', 'Spec Coll', 'Spec Coll Annex', 'Spec Coll Annex Oversize', 'Spec Coll Esther Rice Room', 'Spec Coll Flat Files', 'Spec Coll Maps', 'Spec Coll Microfilm', 'Spec Coll NRLF', 'Spec Coll Oversize', 'Spec Coll Oversize Maps', 'Special Coll., American Religions Coll Oversize', 'Special Coll., American Religions Collection', 'Special Coll., Bernath Collection', 'Special Coll., Bernath Collection Oversize', 'Special Coll., CA Ethnic & Multicultural Archives', 'Special Coll., Darwin Collection', 'Special Coll., Darwin Collection Oversize', 'Special Coll., Darwin Collection, V', 'Special Coll., Humanistic Psychology Archive', 'Special Coll., Performing Arts', 'Special Coll., Printers Collection', 'Special Coll., Printers Collection Flat Files', 'Special Coll., Printers Collection Oversize', 'Special Coll., Printers Collection, V', 'Special Coll., Santa Barbara History', 'Special Coll., University Archives', 'Special Coll., Wyles Collection', 'Special Coll., Wyles Collection Flat Files', 'Special Coll., Wyles Collection Maps', 'Special Coll., Wyles Collection Oversize', 'Special Coll., Wyles Collection, V', 'Special Collection', 'Special Collections', 'Special Collections Archives', 'Special Collections Artists Books', 'Special Collections Artists Books Flat', 'Special Collections Artists Books Oversize', 'Special Collections Artists Books Tiny', 'Special Collections Artists Books Vault', 'Special Collections CD', 'Special Collections Computer File', 'Special Collections Costo', 'Special Collections Costo Oversize', 'Special Collections Costo Oversize V', 'Special Collections Costo Vault', 'Special Collections Flat', 'Special Collections Flat V', 'Special Collections Leaves Flat Vault', 'Special Collections Leaves Oversize Vault', 'Special Collections Leaves Tiny Vault', 'Special Collections Leaves Vault', 'Special Collections Manuscripts', 'Special Collections Map Case', 'Special Collections Map Rivera', 'Special Collections Oversize', 'Special Collections Oversize Vault', 'Special Collections Pamphlets', 'Special Collections Photo', 'Special Collections Photo Oversize', 'Special Collections Photo Tiny', 'Special Collections Reserve', 'Special Collections Snyder Collection', 'Special Collections Staff Reference', 'Special Collections Thesis', 'Special Collections Thesis Oversize', 'Special Collections Tiny', 'Special Collections Tiny Vault', 'Special Collections Traven', 'Special Collections Traven Oversize', 'Special Collections Traven Vault', 'Special Collections Vault', 'Special Collections Video Tape', 'Special Collections at SRLF', 'Special Collections, Flat Files', 'Special Collections, Manuscripts', 'Special Collections, Maps', 'Special Collections, Microform Master', 'Special Collections, Microforms', 'Special Collections, Oral History', 'Special Collections, University Publications', 'Special Collections, V', 'Tobacco Control Reference in Special Collections', 'UCD Special Collections (NRLF)', 'UCL Shared Print Special Coll., American Religions Collection', 'UCL Shared Print Special Collections', 'UCSC Special Collections (NRLF)', 'UCSF Special Collections (NRLF)', 'YRL SpecColl A-M Aldine', 'YRL SpecColl A-M Incunabu', 'YRL SpecColl Back CBC', 'YRL SpecColl Backlog', 'YRL SpecColl Bind Prep', 'YRL SpecColl Booth Room', 'YRL SpecColl Box Mono', 'YRL SpecColl Box Serial', 'YRL SpecColl Broadsides', 'YRL SpecColl CBC', 'YRL SpecColl CBC*', 'YRL SpecColl Miniature', 'YRL SpecColl Oversize*', 'YRL SpecColl Oversize**', 'YRL SpecColl Oversize***', 'YRL SpecColl Rare Belt', 'YRL SpecColl Rare Belt*', 'YRL SpecColl Rare Belt**', 'YRL SpecColl Safe', 'YRL SpecColl Stacks', 'YRL SpecColl Vault', 'YRL Special Collections') THEN 'SCA Locations' WHEN DESCRIPTOR_IDOF(""Physical Items"".""Institution"".""Institution Name"") = 6532 AND
""Location"".""Library Name"" = 'Bancroft Library/University Archives' THEN 'SCA Locations' WHEN DESCRIPTOR_IDOF(""Physical Items"".""Institution"".""Institution Name"") = 6532 AND
""Location"".""Library Name"" = 'Northern Regional Library Facility' AND
""Location"".""Location Code"" LIKE 'n%r' THEN 'SCA Locations' WHEN DESCRIPTOR_IDOF(""Physical Items"".""Institution"".""Institution Name"") = 6533 AND
""Physical Item Details"".""Statistics Note 1"" LIKE '%Spec Coll%' THEN 'SCA Locations' ELSE 'Physical Materials (non-SCA)' END  = 'SCA Locations' AND
DESCRIPTOR_IDOF(""Physical Items"".""Institution"".""Institution Name"") = 4876 AND
""Holding Details"".""Permanent Call Number"" LIKE 'UA%')","""Physical Items""","/shared/University of California System 01UCS_NETWORK/Reports/Local Requests/Annual Statistic Reports/Annual Stats FY 2025-2026/Physical - UCSC SCA Exclusions",14
"Physical - UCSD Physical Filters",1,NA,1,"sawx:logical","and","(""Location"".""Location Code"" NOT IN ('cc_borbot', 'cc_flr2', 'cc_stor', 'desk', 'srlf', 'SRLF') AND ""Location"".""Location Name"" <> 'Problem location from Migration')","""Physical Items""","/shared/University of California System 01UCS_NETWORK/Reports/Local Requests/Annual Statistic Reports/Annual Stats FY 2025-2026/Physical - UCSD Physical Filters",15
"Physical - UCSD Physical Filters",2,1,2,"sawx:sql",NA,"""Location"".""Location Code"" NOT IN ('cc_borbot', 'cc_flr2', 'cc_stor', 'desk', 'srlf', 'SRLF')","""Physical Items""","/shared/University of California System 01UCS_NETWORK/Reports/Local Requests/Annual Statistic Reports/Annual Stats FY 2025-2026/Physical - UCSD Physical Filters",15
"Physical - UCSD Physical Filters",3,1,2,"sawx:comparison","notEqual","""Location"".""Location Name"" <> 'Problem location from Migration'","""Physical Items""","/shared/University of California System 01UCS_NETWORK/Reports/Local Requests/Annual Statistic Reports/Annual Stats FY 2025-2026/Physical - UCSD Physical Filters",15
"Physical - UCSD Physical Filters",4,3,3,"sawx:sqlExpression",NA,"""Location"".""Location Name""","""Physical Items""","/shared/University of California System 01UCS_NETWORK/Reports/Local Requests/Annual Statistic Reports/Annual Stats FY 2025-2026/Physical - UCSD Physical Filters",15
"Physical - UCSD Physical Filters",5,3,3,"xsd:string",NA,"'Problem location from Migration'","""Physical Items""","/shared/University of California System 01UCS_NETWORK/Reports/Local Requests/Annual Statistic Reports/Annual Stats FY 2025-2026/Physical - UCSD Physical Filters",15
"Physical - UCSF Physical Filters",1,NA,1,"sawx:comparison","notEqual","""Location"".""Location Code"" <> 'frsno'","""Physical Items""","/shared/University of California System 01UCS_NETWORK/Reports/Local Requests/Annual Statistic Reports/Annual Stats FY 2025-2026/Physical - UCSF Physical Filters",16
"Physical - UCSF Physical Filters",2,1,2,"sawx:sqlExpression",NA,"""Location"".""Location Code""","""Physical Items""","/shared/University of California System 01UCS_NETWORK/Reports/Local Requests/Annual Statistic Reports/Annual Stats FY 2025-2026/Physical - UCSF Physical Filters",16
"Physical - UCSF Physical Filters",3,1,2,"xsd:string",NA,"'frsno'","""Physical Items""","/shared/University of California System 01UCS_NETWORK/Reports/Local Requests/Annual Statistic Reports/Annual Stats FY 2025-2026/Physical - UCSF Physical Filters",16
