"filter_object_index","catalog_index","filter_name","criterion_id","join_operator","filter_criterion","value_count","review_label","explanation","subject_area","original_path"
1,226,"Fulfillment - FY 2025-26 Loans","F1-C1","","""Loan Date"".""Loan Date"" BETWEEN 2025-07-01 AND 2026-06-30",0,"","","Fulfillment","/shared/University of California System 01UCS_NETWORK/Reports/Local Requests/Annual Statistic Reports/Annual Stats FY 2025-2026/Fulfillment - FY 2025-26 Loans"
2,264,"Physical - Global stats physical filters","F2-C2","AND","""Physical Item Details"".""Lifecycle"" = 'Active'",0,"","","Physical Items","/shared/University of California System 01UCS_NETWORK/Reports/Local Requests/Annual Statistic Reports/Annual Stats FY 2025-2026/Physical - Global stats physical filters"
2,264,"Physical - Global stats physical filters","F2-C3","AND","""Bibliographic Details"".""Resource Type"" IS NOT NULL",0,"","","Physical Items","/shared/University of California System 01UCS_NETWORK/Reports/Local Requests/Annual Statistic Reports/Annual Stats FY 2025-2026/Physical - Global stats physical filters"
2,264,"Physical - Global stats physical filters","F2-C4","AND","""Location"".""Library Code (Active)"" IS NOT NULL",0,"","","Physical Items","/shared/University of California System 01UCS_NETWORK/Reports/Local Requests/Annual Statistic Reports/Annual Stats FY 2025-2026/Physical - Global stats physical filters"
2,264,"Physical - Global stats physical filters","F2-C5","AND","""Location"".""Library Code"" <> 'RES_SHARE'",0,"","","Physical Items","/shared/University of California System 01UCS_NETWORK/Reports/Local Requests/Annual Statistic Reports/Annual Stats FY 2025-2026/Physical - Global stats physical filters"
2,264,"Physical - Global stats physical filters","F2-C6","AND","""Location"".""Library Code"" NOT LIKE '%equip%'",0,"","","Physical Items","/shared/University of California System 01UCS_NETWORK/Reports/Local Requests/Annual Statistic Reports/Annual Stats FY 2025-2026/Physical - Global stats physical filters"
2,264,"Physical - Global stats physical filters","F2-C7","AND","""Location"".""Library Name"" NOT LIKE '%equip%'",0,"","","Physical Items","/shared/University of California System 01UCS_NETWORK/Reports/Local Requests/Annual Statistic Reports/Annual Stats FY 2025-2026/Physical - Global stats physical filters"
2,264,"Physical - Global stats physical filters","F2-C8","AND","""Location"".""Location Code"" <> 'UNASSIGNED'",0,"","","Physical Items","/shared/University of California System 01UCS_NETWORK/Reports/Local Requests/Annual Statistic Reports/Annual Stats FY 2025-2026/Physical - Global stats physical filters"
2,264,"Physical - Global stats physical filters","F2-C9","AND","""Location"".""Location Code"" NOT LIKE '%equip%'",0,"","","Physical Items","/shared/University of California System 01UCS_NETWORK/Reports/Local Requests/Annual Statistic Reports/Annual Stats FY 2025-2026/Physical - Global stats physical filters"
2,264,"Physical - Global stats physical filters","F2-C10","AND","""Location"".""Location Name"" NOT LIKE '%ithdraw%'",0,"","","Physical Items","/shared/University of California System 01UCS_NETWORK/Reports/Local Requests/Annual Statistic Reports/Annual Stats FY 2025-2026/Physical - Global stats physical filters"
2,264,"Physical - Global stats physical filters","F2-C11","AND","""Location"".""Location Name"" NOT LIKE '%equip%'",0,"","","Physical Items","/shared/University of California System 01UCS_NETWORK/Reports/Local Requests/Annual Statistic Reports/Annual Stats FY 2025-2026/Physical - Global stats physical filters"
2,264,"Physical - Global stats physical filters","F2-C12","AND","""Physical Item Details"".""Physical Item Id"" NOT IN ('-1', '0')",0,"","","Physical Items","/shared/University of California System 01UCS_NETWORK/Reports/Local Requests/Annual Statistic Reports/Annual Stats FY 2025-2026/Physical - Global stats physical filters"
2,264,"Physical - Global stats physical filters","F2-C13","AND","""Physical Item Details"".""Item Policy"" NOT LIKE '%equip%'",0,"","","Physical Items","/shared/University of California System 01UCS_NETWORK/Reports/Local Requests/Annual Statistic Reports/Annual Stats FY 2025-2026/Physical - Global stats physical filters"
2,264,"Physical - Global stats physical filters","F2-C14","AND","""Holdings Details"".""Suppressed from Discovery"" = 0",0,"","","Physical Items","/shared/University of California System 01UCS_NETWORK/Reports/Local Requests/Annual Statistic Reports/Annual Stats FY 2025-2026/Physical - Global stats physical filters"
2,264,"Physical - Global stats physical filters","F2-C15","AND","""Holdings Details"".""Suppressed from Discovery by Suppressed Location"" = 'No'",0,"","","Physical Items","/shared/University of California System 01UCS_NETWORK/Reports/Local Requests/Annual Statistic Reports/Annual Stats FY 2025-2026/Physical - Global stats physical filters"
2,264,"Physical - Global stats physical filters","F2-C16","AND","""Location"".""Suppressed from Discovery"" = 'No'",0,"","","Physical Items","/shared/University of California System 01UCS_NETWORK/Reports/Local Requests/Annual Statistic Reports/Annual Stats FY 2025-2026/Physical - Global stats physical filters"
2,264,"Physical - Global stats physical filters","F2-C17","AND","""Bibliographic Details"".""Suppressed From Discovery"" = 'No'",0,"","","Physical Items","/shared/University of California System 01UCS_NETWORK/Reports/Local Requests/Annual Statistic Reports/Annual Stats FY 2025-2026/Physical - Global stats physical filters"
3,267,"Physical - SLF-N FY 2026 accessions","F3-C18","AND","""Physical Item Details"".""Lifecycle"" = 'Active'",0,"","","Physical Items","/shared/University of California System 01UCS_NETWORK/Reports/Local Requests/Annual Statistic Reports/Annual Stats FY 2025-2026/Physical - SLF-N FY 2026 accessions"
3,267,"Physical - SLF-N FY 2026 accessions","F3-C19","OR","""Physical Item Details"".""Barcode"" BETWEEN '$D 130 631' AND '$D 130 999'",0,"","","Physical Items","/shared/University of California System 01UCS_NETWORK/Reports/Local Requests/Annual Statistic Reports/Annual Stats FY 2025-2026/Physical - SLF-N FY 2026 accessions"
3,267,"Physical - SLF-N FY 2026 accessions","F3-C20","OR","""Physical Item Details"".""Barcode"" BETWEEN '$D 131 000' AND '$D 131 999'",0,"","","Physical Items","/shared/University of California System 01UCS_NETWORK/Reports/Local Requests/Annual Statistic Reports/Annual Stats FY 2025-2026/Physical - SLF-N FY 2026 accessions"
3,267,"Physical - SLF-N FY 2026 accessions","F3-C21","OR","""Physical Item Details"".""Barcode"" BETWEEN '$D 132 000' AND '$D 132 991'",0,"","","Physical Items","/shared/University of California System 01UCS_NETWORK/Reports/Local Requests/Annual Statistic Reports/Annual Stats FY 2025-2026/Physical - SLF-N FY 2026 accessions"
3,267,"Physical - SLF-N FY 2026 accessions","F3-C22","OR","""Physical Item Details"".""Barcode"" BETWEEN 'A 2 539 991' AND 'A 2 540 384'",0,"","","Physical Items","/shared/University of California System 01UCS_NETWORK/Reports/Local Requests/Annual Statistic Reports/Annual Stats FY 2025-2026/Physical - SLF-N FY 2026 accessions"
3,267,"Physical - SLF-N FY 2026 accessions","F3-C23","OR","""Physical Item Details"".""Barcode"" BETWEEN 'CT 5 031 021' AND 'CT 5 044 752'",0,"","","Physical Items","/shared/University of California System 01UCS_NETWORK/Reports/Local Requests/Annual Statistic Reports/Annual Stats FY 2025-2026/Physical - SLF-N FY 2026 accessions"
3,267,"Physical - SLF-N FY 2026 accessions","F3-C24","OR","""Physical Item Details"".""Barcode"" BETWEEN 'CT 5 045 001' AND 'CT 5 045 100'",0,"","","Physical Items","/shared/University of California System 01UCS_NETWORK/Reports/Local Requests/Annual Statistic Reports/Annual Stats FY 2025-2026/Physical - SLF-N FY 2026 accessions"
3,267,"Physical - SLF-N FY 2026 accessions","F3-C25","OR","""Physical Item Details"".""Barcode"" BETWEEN 'D 2 648 821' AND 'D 2 650 043'",0,"","","Physical Items","/shared/University of California System 01UCS_NETWORK/Reports/Local Requests/Annual Statistic Reports/Annual Stats FY 2025-2026/Physical - SLF-N FY 2026 accessions"
3,267,"Physical - SLF-N FY 2026 accessions","F3-C26","OR","""Physical Item Details"".""Barcode"" BETWEEN 'GR 44' AND 'GR 46'",0,"","","Physical Items","/shared/University of California System 01UCS_NETWORK/Reports/Local Requests/Annual Statistic Reports/Annual Stats FY 2025-2026/Physical - SLF-N FY 2026 accessions"
3,267,"Physical - SLF-N FY 2026 accessions","F3-C27","OR","""Physical Item Details"".""Barcode"" BETWEEN 'JR 129 185' AND 'JR 129 185'",0,"","","Physical Items","/shared/University of California System 01UCS_NETWORK/Reports/Local Requests/Annual Statistic Reports/Annual Stats FY 2025-2026/Physical - SLF-N FY 2026 accessions"
3,267,"Physical - SLF-N FY 2026 accessions","F3-C28","OR","""Physical Item Details"".""Barcode"" BETWEEN 'JS 89 829' AND 'JS 89 893'",0,"","","Physical Items","/shared/University of California System 01UCS_NETWORK/Reports/Local Requests/Annual Statistic Reports/Annual Stats FY 2025-2026/Physical - SLF-N FY 2026 accessions"
3,267,"Physical - SLF-N FY 2026 accessions","F3-C29","OR","""Physical Item Details"".""Barcode"" BETWEEN 'KR 4 241' AND 'KR 4 361'",0,"","","Physical Items","/shared/University of California System 01UCS_NETWORK/Reports/Local Requests/Annual Statistic Reports/Annual Stats FY 2025-2026/Physical - SLF-N FY 2026 accessions"
3,267,"Physical - SLF-N FY 2026 accessions","F3-C30","OR","""Physical Item Details"".""Barcode"" BETWEEN 'KR 8 367' AND 'KR 8 400'",0,"","","Physical Items","/shared/University of California System 01UCS_NETWORK/Reports/Local Requests/Annual Statistic Reports/Annual Stats FY 2025-2026/Physical - SLF-N FY 2026 accessions"
3,267,"Physical - SLF-N FY 2026 accessions","F3-C31","OR","""Physical Item Details"".""Barcode"" BETWEEN 'MR 79 560' AND 'MR 79 999'",0,"","","Physical Items","/shared/University of California System 01UCS_NETWORK/Reports/Local Requests/Annual Statistic Reports/Annual Stats FY 2025-2026/Physical - SLF-N FY 2026 accessions"
3,267,"Physical - SLF-N FY 2026 accessions","F3-C32","OR","""Physical Item Details"".""Barcode"" BETWEEN 'MR 80 000' AND 'MR 80 999'",0,"","","Physical Items","/shared/University of California System 01UCS_NETWORK/Reports/Local Requests/Annual Statistic Reports/Annual Stats FY 2025-2026/Physical - SLF-N FY 2026 accessions"
3,267,"Physical - SLF-N FY 2026 accessions","F3-C33","OR","""Physical Item Details"".""Barcode"" BETWEEN 'MR 81 000' AND 'MR 81 999'",0,"","","Physical Items","/shared/University of California System 01UCS_NETWORK/Reports/Local Requests/Annual Statistic Reports/Annual Stats FY 2025-2026/Physical - SLF-N FY 2026 accessions"
3,267,"Physical - SLF-N FY 2026 accessions","F3-C34","OR","""Physical Item Details"".""Barcode"" BETWEEN 'MR 82 000' AND 'MR 82 999'",0,"","","Physical Items","/shared/University of California System 01UCS_NETWORK/Reports/Local Requests/Annual Statistic Reports/Annual Stats FY 2025-2026/Physical - SLF-N FY 2026 accessions"
3,267,"Physical - SLF-N FY 2026 accessions","F3-C35","OR","""Physical Item Details"".""Barcode"" BETWEEN 'MR 83 000' AND 'MR 83 999'",0,"","","Physical Items","/shared/University of California System 01UCS_NETWORK/Reports/Local Requests/Annual Statistic Reports/Annual Stats FY 2025-2026/Physical - SLF-N FY 2026 accessions"
3,267,"Physical - SLF-N FY 2026 accessions","F3-C36","OR","""Physical Item Details"".""Barcode"" BETWEEN 'MR 84 000' AND 'MR 84 665'",0,"","","Physical Items","/shared/University of California System 01UCS_NETWORK/Reports/Local Requests/Annual Statistic Reports/Annual Stats FY 2025-2026/Physical - SLF-N FY 2026 accessions"
3,267,"Physical - SLF-N FY 2026 accessions","F3-C37","OR","""Physical Item Details"".""Barcode"" BETWEEN 'Q 668' AND 'Q 669'",0,"","","Physical Items","/shared/University of California System 01UCS_NETWORK/Reports/Local Requests/Annual Statistic Reports/Annual Stats FY 2025-2026/Physical - SLF-N FY 2026 accessions"
3,267,"Physical - SLF-N FY 2026 accessions","F3-C38","OR","""Physical Item Details"".""Barcode"" BETWEEN 'Q 670' AND 'Q 670'",0,"","","Physical Items","/shared/University of California System 01UCS_NETWORK/Reports/Local Requests/Annual Statistic Reports/Annual Stats FY 2025-2026/Physical - SLF-N FY 2026 accessions"
3,267,"Physical - SLF-N FY 2026 accessions","F3-C39","OR","""Physical Item Details"".""Barcode"" BETWEEN 'Q 1 088' AND 'Q 1 095'",0,"","","Physical Items","/shared/University of California System 01UCS_NETWORK/Reports/Local Requests/Annual Statistic Reports/Annual Stats FY 2025-2026/Physical - SLF-N FY 2026 accessions"
3,267,"Physical - SLF-N FY 2026 accessions","F3-C40","OR","""Physical Item Details"".""Barcode"" BETWEEN 'Q 1 098' AND 'Q 1 125'",0,"","","Physical Items","/shared/University of California System 01UCS_NETWORK/Reports/Local Requests/Annual Statistic Reports/Annual Stats FY 2025-2026/Physical - SLF-N FY 2026 accessions"
3,267,"Physical - SLF-N FY 2026 accessions","F3-C41","OR","""Physical Item Details"".""Barcode"" BETWEEN 'Q 1 127' AND 'Q 1 127'",0,"","","Physical Items","/shared/University of California System 01UCS_NETWORK/Reports/Local Requests/Annual Statistic Reports/Annual Stats FY 2025-2026/Physical - SLF-N FY 2026 accessions"
3,267,"Physical - SLF-N FY 2026 accessions","F3-C42","OR","""Physical Item Details"".""Barcode"" BETWEEN 'RLF50225052' AND 'RLF50339951'",0,"","","Physical Items","/shared/University of California System 01UCS_NETWORK/Reports/Local Requests/Annual Statistic Reports/Annual Stats FY 2025-2026/Physical - SLF-N FY 2026 accessions"
3,267,"Physical - SLF-N FY 2026 accessions","F3-C43","OR","""Physical Item Details"".""Barcode"" BETWEEN 'U 193' AND 'U 199'",0,"","","Physical Items","/shared/University of California System 01UCS_NETWORK/Reports/Local Requests/Annual Statistic Reports/Annual Stats FY 2025-2026/Physical - SLF-N FY 2026 accessions"
3,267,"Physical - SLF-N FY 2026 accessions","F3-C44","OR","""Physical Item Details"".""Barcode"" BETWEEN 'U 200' AND 'U 209'",0,"","","Physical Items","/shared/University of California System 01UCS_NETWORK/Reports/Local Requests/Annual Statistic Reports/Annual Stats FY 2025-2026/Physical - SLF-N FY 2026 accessions"
3,267,"Physical - SLF-N FY 2026 accessions","F3-C45","OR","""Physical Item Details"".""Barcode"" BETWEEN 'U 210' AND 'U 219'",0,"","","Physical Items","/shared/University of California System 01UCS_NETWORK/Reports/Local Requests/Annual Statistic Reports/Annual Stats FY 2025-2026/Physical - SLF-N FY 2026 accessions"
3,267,"Physical - SLF-N FY 2026 accessions","F3-C46","OR","""Physical Item Details"".""Barcode"" BETWEEN 'U 220' AND 'U 229'",0,"","","Physical Items","/shared/University of California System 01UCS_NETWORK/Reports/Local Requests/Annual Statistic Reports/Annual Stats FY 2025-2026/Physical - SLF-N FY 2026 accessions"
3,267,"Physical - SLF-N FY 2026 accessions","F3-C47","OR","""Physical Item Details"".""Barcode"" BETWEEN 'U 230' AND 'U 235'",0,"","","Physical Items","/shared/University of California System 01UCS_NETWORK/Reports/Local Requests/Annual Statistic Reports/Annual Stats FY 2025-2026/Physical - SLF-N FY 2026 accessions"
3,267,"Physical - SLF-N FY 2026 accessions","F3-C48","OR","""Physical Item Details"".""Barcode"" BETWEEN 'V 23 086' AND 'V 23 350'",0,"","","Physical Items","/shared/University of California System 01UCS_NETWORK/Reports/Local Requests/Annual Statistic Reports/Annual Stats FY 2025-2026/Physical - SLF-N FY 2026 accessions"
3,267,"Physical - SLF-N FY 2026 accessions","F3-C49","OR","""Physical Item Details"".""Barcode"" BETWEEN 'W 337 560' AND 'W 337 999'",0,"","","Physical Items","/shared/University of California System 01UCS_NETWORK/Reports/Local Requests/Annual Statistic Reports/Annual Stats FY 2025-2026/Physical - SLF-N FY 2026 accessions"
3,267,"Physical - SLF-N FY 2026 accessions","F3-C50","OR","""Physical Item Details"".""Barcode"" BETWEEN 'W 338 000' AND 'W 338 999'",0,"","","Physical Items","/shared/University of California System 01UCS_NETWORK/Reports/Local Requests/Annual Statistic Reports/Annual Stats FY 2025-2026/Physical - SLF-N FY 2026 accessions"
3,267,"Physical - SLF-N FY 2026 accessions","F3-C51","OR","""Physical Item Details"".""Barcode"" BETWEEN 'W 339 000' AND 'W 339 999'",0,"","","Physical Items","/shared/University of California System 01UCS_NETWORK/Reports/Local Requests/Annual Statistic Reports/Annual Stats FY 2025-2026/Physical - SLF-N FY 2026 accessions"
3,267,"Physical - SLF-N FY 2026 accessions","F3-C52","OR","""Physical Item Details"".""Barcode"" BETWEEN 'W 340 000' AND 'W 340 999'",0,"","","Physical Items","/shared/University of California System 01UCS_NETWORK/Reports/Local Requests/Annual Statistic Reports/Annual Stats FY 2025-2026/Physical - SLF-N FY 2026 accessions"
3,267,"Physical - SLF-N FY 2026 accessions","F3-C53","OR","""Physical Item Details"".""Barcode"" BETWEEN 'W 341 000' AND 'W 341 999'",0,"","","Physical Items","/shared/University of California System 01UCS_NETWORK/Reports/Local Requests/Annual Statistic Reports/Annual Stats FY 2025-2026/Physical - SLF-N FY 2026 accessions"
3,267,"Physical - SLF-N FY 2026 accessions","F3-C54","OR","""Physical Item Details"".""Barcode"" BETWEEN 'W 342 000' AND 'W 342 723'",0,"","","Physical Items","/shared/University of California System 01UCS_NETWORK/Reports/Local Requests/Annual Statistic Reports/Annual Stats FY 2025-2026/Physical - SLF-N FY 2026 accessions"
3,267,"Physical - SLF-N FY 2026 accessions","F3-C55","OR","""Physical Item Details"".""Barcode"" BETWEEN 'WC 34 094' AND 'WC 34 999'",0,"","","Physical Items","/shared/University of California System 01UCS_NETWORK/Reports/Local Requests/Annual Statistic Reports/Annual Stats FY 2025-2026/Physical - SLF-N FY 2026 accessions"
3,267,"Physical - SLF-N FY 2026 accessions","F3-C56","OR","""Physical Item Details"".""Barcode"" BETWEEN 'WC 35 000' AND 'WC 35 067'",0,"","","Physical Items","/shared/University of California System 01UCS_NETWORK/Reports/Local Requests/Annual Statistic Reports/Annual Stats FY 2025-2026/Physical - SLF-N FY 2026 accessions"
3,267,"Physical - SLF-N FY 2026 accessions","F3-C57","OR","""Physical Item Details"".""Barcode"" BETWEEN 'X 97 126' AND 'X 97 999'",0,"","","Physical Items","/shared/University of California System 01UCS_NETWORK/Reports/Local Requests/Annual Statistic Reports/Annual Stats FY 2025-2026/Physical - SLF-N FY 2026 accessions"
3,267,"Physical - SLF-N FY 2026 accessions","F3-C58","OR","""Physical Item Details"".""Barcode"" BETWEEN 'X 98 000' AND 'X 98 480'",0,"","","Physical Items","/shared/University of California System 01UCS_NETWORK/Reports/Local Requests/Annual Statistic Reports/Annual Stats FY 2025-2026/Physical - SLF-N FY 2026 accessions"
3,267,"Physical - SLF-N FY 2026 accessions","F3-C59","OR","""Physical Item Details"".""Barcode"" BETWEEN 'Y 13 844' AND 'Y 13 930'",0,"","","Physical Items","/shared/University of California System 01UCS_NETWORK/Reports/Local Requests/Annual Statistic Reports/Annual Stats FY 2025-2026/Physical - SLF-N FY 2026 accessions"
3,267,"Physical - SLF-N FY 2026 accessions","F3-C60","OR","""Physical Item Details"".""Barcode"" BETWEEN 'Z 18 811' AND 'Z 18 996'",0,"","","Physical Items","/shared/University of California System 01UCS_NETWORK/Reports/Local Requests/Annual Statistic Reports/Annual Stats FY 2025-2026/Physical - SLF-N FY 2026 accessions"
3,267,"Physical - SLF-N FY 2026 accessions","F3-C61","OR","""Physical Item Details"".""Barcode"" BETWEEN 'Z 18 998' AND 'Z 18 999'",0,"","","Physical Items","/shared/University of California System 01UCS_NETWORK/Reports/Local Requests/Annual Statistic Reports/Annual Stats FY 2025-2026/Physical - SLF-N FY 2026 accessions"
3,267,"Physical - SLF-N FY 2026 accessions","F3-C62","OR","""Physical Item Details"".""Barcode"" BETWEEN 'Z 19 000' AND 'Z 19 024'",0,"","","Physical Items","/shared/University of California System 01UCS_NETWORK/Reports/Local Requests/Annual Statistic Reports/Annual Stats FY 2025-2026/Physical - SLF-N FY 2026 accessions"
3,267,"Physical - SLF-N FY 2026 accessions","F3-C63","OR","""Physical Item Details"".""Barcode"" BETWEEN 'Z 19 027' AND 'Z 19 027'",0,"","","Physical Items","/shared/University of California System 01UCS_NETWORK/Reports/Local Requests/Annual Statistic Reports/Annual Stats FY 2025-2026/Physical - SLF-N FY 2026 accessions"
3,267,"Physical - SLF-N FY 2026 accessions","F3-C64","OR","""Physical Item Details"".""Barcode"" IN ('Z 18 798', 'Z 18 799')",2,"","","Physical Items","/shared/University of California System 01UCS_NETWORK/Reports/Local Requests/Annual Statistic Reports/Annual Stats FY 2025-2026/Physical - SLF-N FY 2026 accessions"
4,268,"Physical - SLF-S FY 2026 accessions","F4-C65","AND","""Physical Item Details"".""Lifecycle"" = 'Active'",0,"","","Physical Items","/shared/University of California System 01UCS_NETWORK/Reports/Local Requests/Annual Statistic Reports/Annual Stats FY 2025-2026/Physical - SLF-S FY 2026 accessions"
4,268,"Physical - SLF-S FY 2026 accessions","F4-C66","OR","""Physical Item Details"".""Barcode"" IN (9,999 values; see Value List Summary and companion CSV)",9999,"","","Physical Items","/shared/University of California System 01UCS_NETWORK/Reports/Local Requests/Annual Statistic Reports/Annual Stats FY 2025-2026/Physical - SLF-S FY 2026 accessions"
4,268,"Physical - SLF-S FY 2026 accessions","F4-C67","OR","""Physical Item Details"".""Barcode"" IN (9,999 values; see Value List Summary and companion CSV)",9999,"","","Physical Items","/shared/University of California System 01UCS_NETWORK/Reports/Local Requests/Annual Statistic Reports/Annual Stats FY 2025-2026/Physical - SLF-S FY 2026 accessions"
4,268,"Physical - SLF-S FY 2026 accessions","F4-C68","OR","""Physical Item Details"".""Barcode"" IN (9,999 values; see Value List Summary and companion CSV)",9999,"","","Physical Items","/shared/University of California System 01UCS_NETWORK/Reports/Local Requests/Annual Statistic Reports/Annual Stats FY 2025-2026/Physical - SLF-S FY 2026 accessions"
4,268,"Physical - SLF-S FY 2026 accessions","F4-C69","OR","""Physical Item Details"".""Barcode"" IN (9,999 values; see Value List Summary and companion CSV)",9999,"","","Physical Items","/shared/University of California System 01UCS_NETWORK/Reports/Local Requests/Annual Statistic Reports/Annual Stats FY 2025-2026/Physical - SLF-S FY 2026 accessions"
4,268,"Physical - SLF-S FY 2026 accessions","F4-C70","OR","""Physical Item Details"".""Barcode"" IN (9,999 values; see Value List Summary and companion CSV)",9999,"","","Physical Items","/shared/University of California System 01UCS_NETWORK/Reports/Local Requests/Annual Statistic Reports/Annual Stats FY 2025-2026/Physical - SLF-S FY 2026 accessions"
4,268,"Physical - SLF-S FY 2026 accessions","F4-C71","OR","""Physical Item Details"".""Barcode"" IN (9,999 values; see Value List Summary and companion CSV)",9999,"","","Physical Items","/shared/University of California System 01UCS_NETWORK/Reports/Local Requests/Annual Statistic Reports/Annual Stats FY 2025-2026/Physical - SLF-S FY 2026 accessions"
4,268,"Physical - SLF-S FY 2026 accessions","F4-C72","OR","""Physical Item Details"".""Barcode"" IN (9,999 values; see Value List Summary and companion CSV)",9999,"","","Physical Items","/shared/University of California System 01UCS_NETWORK/Reports/Local Requests/Annual Statistic Reports/Annual Stats FY 2025-2026/Physical - SLF-S FY 2026 accessions"
4,268,"Physical - SLF-S FY 2026 accessions","F4-C73","OR","""Physical Item Details"".""Barcode"" IN (5,281 values; see Value List Summary and companion CSV)",5281,"","","Physical Items","/shared/University of California System 01UCS_NETWORK/Reports/Local Requests/Annual Statistic Reports/Annual Stats FY 2025-2026/Physical - SLF-S FY 2026 accessions"
5,271,"Physical - UCB Physical Filters","F5-C74","AND","""Location"".""Location Code"" <> 'lis'",0,"","","Physical Items","/shared/University of California System 01UCS_NETWORK/Reports/Local Requests/Annual Statistic Reports/Annual Stats FY 2025-2026/Physical - UCB Physical Filters"
5,271,"Physical - UCB Physical Filters","F5-C75","AND","""Location"".""Location Code"" <> 'nzw'",0,"","","Physical Items","/shared/University of California System 01UCS_NETWORK/Reports/Local Requests/Annual Statistic Reports/Annual Stats FY 2025-2026/Physical - UCB Physical Filters"
5,271,"Physical - UCB Physical Filters","F5-C76","AND","""Location"".""Location Code"" <> 'zwz'",0,"","","Physical Items","/shared/University of California System 01UCS_NETWORK/Reports/Local Requests/Annual Statistic Reports/Annual Stats FY 2025-2026/Physical - UCB Physical Filters"
5,271,"Physical - UCB Physical Filters","F5-C77","AND","""Location"".""Location Code"" NOT LIKE '%zw%'",0,"","","Physical Items","/shared/University of California System 01UCS_NETWORK/Reports/Local Requests/Annual Statistic Reports/Annual Stats FY 2025-2026/Physical - UCB Physical Filters"
5,271,"Physical - UCB Physical Filters","F5-C78","AND","""Location"".""Location Name"" NOT LIKE '%ithdraw%'",0,"","","Physical Items","/shared/University of California System 01UCS_NETWORK/Reports/Local Requests/Annual Statistic Reports/Annual Stats FY 2025-2026/Physical - UCB Physical Filters"
5,271,"Physical - UCB Physical Filters","F5-C79","AND","""Location"".""Location Name"" NOT LIKE '%ITHDRAW%'",0,"","","Physical Items","/shared/University of California System 01UCS_NETWORK/Reports/Local Requests/Annual Statistic Reports/Annual Stats FY 2025-2026/Physical - UCB Physical Filters"
5,271,"Physical - UCB Physical Filters","F5-C80","OR","""Physical Item Details"".""Statistics Note 2"" IS NULL",0,"","","Physical Items","/shared/University of California System 01UCS_NETWORK/Reports/Local Requests/Annual Statistic Reports/Annual Stats FY 2025-2026/Physical - UCB Physical Filters"
5,271,"Physical - UCB Physical Filters","F5-C81","AND","""Physical Item Details"".""Statistics Note 2"" IS NOT NULL",0,"","","Physical Items","/shared/University of California System 01UCS_NETWORK/Reports/Local Requests/Annual Statistic Reports/Annual Stats FY 2025-2026/Physical - UCB Physical Filters"
5,271,"Physical - UCB Physical Filters","F5-C82","AND","""Physical Item Details"".""Statistics Note 2"" NOT LIKE 'wds%'",0,"","","Physical Items","/shared/University of California System 01UCS_NETWORK/Reports/Local Requests/Annual Statistic Reports/Annual Stats FY 2025-2026/Physical - UCB Physical Filters"
5,271,"Physical - UCB Physical Filters","F5-C83","AND","""Physical Item Details"".""Statistics Note 2"" NOT LIKE 'wms%'",0,"","","Physical Items","/shared/University of California System 01UCS_NETWORK/Reports/Local Requests/Annual Statistic Reports/Annual Stats FY 2025-2026/Physical - UCB Physical Filters"
5,271,"Physical - UCB Physical Filters","F5-C84","AND","""Physical Item Details"".""Statistics Note 2"" NOT LIKE 'wor%'",0,"","","Physical Items","/shared/University of California System 01UCS_NETWORK/Reports/Local Requests/Annual Statistic Reports/Annual Stats FY 2025-2026/Physical - UCB Physical Filters"
6,272,"Physical - UCB SCA exclusions","F6-C85","AND","NOT (DESCRIPTOR_IDOF(""Physical Items"".""Institution"".""Institution Name"") = 6532 AND ""Location"".""Library Code"" = 'BANC' AND ""Physical Item Details"".""Item Policy"" IN ('Other Archival Material', 'Personal Manuscript', 'UC Archival Manuscript', 'Visual Material: pictorial'))",0,"","","Physical Items","/shared/University of California System 01UCS_NETWORK/Reports/Local Requests/Annual Statistic Reports/Annual Stats FY 2025-2026/Physical - UCB SCA exclusions"
6,272,"Physical - UCB SCA exclusions","F6-C86","AND","NOT (DESCRIPTOR_IDOF(""Physical Items"".""Institution"".""Institution Name"") = 6532 AND ""Location"".""Library Code"" = 'NRLF' AND ""Location"".""Location Code"" IN ('nbtbr', 'nbtur') AND ""Physical Item Details"".""Item Policy"" IN ('Other Archival Material', 'Personal Manuscript', 'UC Archival Manuscript', 'Visual Material: pictorial'))",0,"","","Physical Items","/shared/University of California System 01UCS_NETWORK/Reports/Local Requests/Annual Statistic Reports/Annual Stats FY 2025-2026/Physical - UCB SCA exclusions"
7,275,"Physical - UCD Physical Filters","F7-C87","AND","NOT(DESCRIPTOR_IDOF(""Physical Items"".""Institution"".""Institution Name"") = 3126 AND ""Location"".""Library Code"" = ('NRLF'))",0,"","","Physical Items","/shared/University of California System 01UCS_NETWORK/Reports/Local Requests/Annual Statistic Reports/Annual Stats FY 2025-2026/Physical - UCD Physical Filters"
7,275,"Physical - UCD Physical Filters","F7-C88","AND","NOT(DESCRIPTOR_IDOF(""Physical Items"".""Institution"".""Institution Name"") = 3126 AND ""Location"".""Library Code"" = ('SRLF'))",0,"","","Physical Items","/shared/University of California System 01UCS_NETWORK/Reports/Local Requests/Annual Statistic Reports/Annual Stats FY 2025-2026/Physical - UCD Physical Filters"
7,275,"Physical - UCD Physical Filters","F7-C89","AND","NOT(DESCRIPTOR_IDOF(""Physical Items"".""Institution"".""Institution Name"") = 3126 AND ""Location"".""Location Code"" = ('NRLF'))",0,"","","Physical Items","/shared/University of California System 01UCS_NETWORK/Reports/Local Requests/Annual Statistic Reports/Annual Stats FY 2025-2026/Physical - UCD Physical Filters"
8,278,"Physical - UCI Physical Filters","F8-C90","AND","""Location"".""Location Code"" NOT IN (13 values; see Value List Summary and companion CSV)",13,"","","Physical Items","/shared/University of California System 01UCS_NETWORK/Reports/Local Requests/Annual Statistic Reports/Annual Stats FY 2025-2026/Physical - UCI Physical Filters"
8,278,"Physical - UCI Physical Filters","F8-C91","AND","""Location"".""Location Name"" NOT IN ('zz', 'Problem location from Migration')",2,"","","Physical Items","/shared/University of California System 01UCS_NETWORK/Reports/Local Requests/Annual Statistic Reports/Annual Stats FY 2025-2026/Physical - UCI Physical Filters"
8,278,"Physical - UCI Physical Filters","F8-C92","AND","""Library Unit"".""Library Code"" NOT IN ('AYALA', 'OCSEAA')",2,"","","Physical Items","/shared/University of California System 01UCS_NETWORK/Reports/Local Requests/Annual Statistic Reports/Annual Stats FY 2025-2026/Physical - UCI Physical Filters"
8,278,"Physical - UCI Physical Filters","F8-C93","AND","""Location"".""Library Name"" NOT IN ('X_Do_Not_Use_Old_Orange County & Southeast Asian Archive Center', 'X_Do_Not_Use_Old_Science Library')",2,"","","Physical Items","/shared/University of California System 01UCS_NETWORK/Reports/Local Requests/Annual Statistic Reports/Annual Stats FY 2025-2026/Physical - UCI Physical Filters"
8,278,"Physical - UCI Physical Filters","F8-C94","OR","""Physical Item Details"".""Statistics Note 2"" IS NULL",0,"","","Physical Items","/shared/University of California System 01UCS_NETWORK/Reports/Local Requests/Annual Statistic Reports/Annual Stats FY 2025-2026/Physical - UCI Physical Filters"
8,278,"Physical - UCI Physical Filters","F8-C95","AND","""Physical Item Details"".""Statistics Note 2"" IS NOT NULL",0,"","","Physical Items","/shared/University of California System 01UCS_NETWORK/Reports/Local Requests/Annual Statistic Reports/Annual Stats FY 2025-2026/Physical - UCI Physical Filters"
8,278,"Physical - UCI Physical Filters","F8-C96","AND","NOT(DESCRIPTOR_IDOF(""Physical Items"".""Institution"".""Institution Name"") = 4701 AND ""Physical Item Details"".""Statistics Note 2"" = '-')",0,"","","Physical Items","/shared/University of California System 01UCS_NETWORK/Reports/Local Requests/Annual Statistic Reports/Annual Stats FY 2025-2026/Physical - UCI Physical Filters"
8,278,"Physical - UCI Physical Filters","F8-C97","AND","NOT(DESCRIPTOR_IDOF(""Physical Items"".""Institution"".""Institution Name"") = 4701 AND ""Physical Item Details"".""Statistics Note 2"" LIKE 'from%')",0,"","","Physical Items","/shared/University of California System 01UCS_NETWORK/Reports/Local Requests/Annual Statistic Reports/Annual Stats FY 2025-2026/Physical - UCI Physical Filters"
8,278,"Physical - UCI Physical Filters","F8-C98","AND","NOT(DESCRIPTOR_IDOF(""Physical Items"".""Institution"".""Institution Name"") = 4701 AND ""Physical Item Details"".""Statistics Note 2"" LIKE '%rlf-%')",0,"","","Physical Items","/shared/University of California System 01UCS_NETWORK/Reports/Local Requests/Annual Statistic Reports/Annual Stats FY 2025-2026/Physical - UCI Physical Filters"
8,278,"Physical - UCI Physical Filters","F8-C99","AND","NOT(DESCRIPTOR_IDOF(""Physical Items"".""Institution"".""Institution Name"") = 4701 AND ""Physical Item Details"".""Statistics Note 2"" LIKE '%sp-%')",0,"","","Physical Items","/shared/University of California System 01UCS_NETWORK/Reports/Local Requests/Annual Statistic Reports/Annual Stats FY 2025-2026/Physical - UCI Physical Filters"
8,278,"Physical - UCI Physical Filters","F8-C100","AND","NOT(DESCRIPTOR_IDOF(""Physical Items"".""Institution"".""Institution Name"") = 4701 AND ""Physical Item Details"".""Statistics Note 2"" LIKE '%wd%')",0,"","","Physical Items","/shared/University of California System 01UCS_NETWORK/Reports/Local Requests/Annual Statistic Reports/Annual Stats FY 2025-2026/Physical - UCI Physical Filters"
8,278,"Physical - UCI Physical Filters","F8-C101","AND","NOT(DESCRIPTOR_IDOF(""Physical Items"".""Institution"".""Institution Name"") = 4701 AND ""Physical Item Details"".""Statistics Note 2"" LIKE '%ithd%')",0,"","","Physical Items","/shared/University of California System 01UCS_NETWORK/Reports/Local Requests/Annual Statistic Reports/Annual Stats FY 2025-2026/Physical - UCI Physical Filters"
9,279,"Physical - UCI SCA Exclusions","F9-C102","OR","""Bibliographic Details"".""Uniform Resource Identifier"" IS NULL",0,"","","Physical Items","/shared/University of California System 01UCS_NETWORK/Reports/Local Requests/Annual Statistic Reports/Annual Stats FY 2025-2026/Physical - UCI SCA Exclusions"
9,279,"Physical - UCI SCA Exclusions","F9-C103","AND","""Bibliographic Details"".""Uniform Resource Identifier"" IS NOT NULL",0,"","","Physical Items","/shared/University of California System 01UCS_NETWORK/Reports/Local Requests/Annual Statistic Reports/Annual Stats FY 2025-2026/Physical - UCI SCA Exclusions"
9,279,"Physical - UCI SCA Exclusions","F9-C104","AND","NOT(DESCRIPTOR_IDOF(""Physical Items"".""Institution"".""Institution Name"") = 4701 AND ""Location"".""Location Code"" IN ('gocrh', 'gseaa', 'spcol') AND (""Bibliographic Details"".""Uniform Resource Identifier"" LIKE '%findaid%'))",0,"","","Physical Items","/shared/University of California System 01UCS_NETWORK/Reports/Local Requests/Annual Statistic Reports/Annual Stats FY 2025-2026/Physical - UCI SCA Exclusions"
9,279,"Physical - UCI SCA Exclusions","F9-C105","AND","NOT(DESCRIPTOR_IDOF(""Physical Items"".""Institution"".""Institution Name"") = 4701 AND ""Location"".""Location Code"" IN ('gocrh', 'gseaa', 'spcol') AND (""Bibliographic Details"".""Uniform Resource Identifier"" LIKE '%oac.cdlib%'))",0,"","","Physical Items","/shared/University of California System 01UCS_NETWORK/Reports/Local Requests/Annual Statistic Reports/Annual Stats FY 2025-2026/Physical - UCI SCA Exclusions"
10,282,"Physical - UCLA Physical Filters","F10-C106","AND","""Location"".""Location Name"" <> 'Problem location from Migration'",0,"","","Physical Items","/shared/University of California System 01UCS_NETWORK/Reports/Local Requests/Annual Statistic Reports/Annual Stats FY 2025-2026/Physical - UCLA Physical Filters"
10,282,"Physical - UCLA Physical Filters","F10-C107","AND","""Library Unit"".""Library Code"" NOT IN ('CLICC', 'CLICC_LOCKER', 'CLEANUP')",3,"","","Physical Items","/shared/University of California System 01UCS_NETWORK/Reports/Local Requests/Annual Statistic Reports/Annual Stats FY 2025-2026/Physical - UCLA Physical Filters"
10,282,"Physical - UCLA Physical Filters","F10-C108","AND","NOT(DESCRIPTOR_IDOF(""Physical Items"".""Institution"".""Institution Name"") = 6533 AND ""Physical Item Details"".""Item Policy"" LIKE '%CLICC%')",0,"","","Physical Items","/shared/University of California System 01UCS_NETWORK/Reports/Local Requests/Annual Statistic Reports/Annual Stats FY 2025-2026/Physical - UCLA Physical Filters"
10,282,"Physical - UCLA Physical Filters","F10-C109","AND","NOT(DESCRIPTOR_IDOF(""Physical Items"".""Institution"".""Institution Name"") = 6533 AND ""Physical Item Details"".""Item Policy"" LIKE '%hrome%ook%')",0,"","","Physical Items","/shared/University of California System 01UCS_NETWORK/Reports/Local Requests/Annual Statistic Reports/Annual Stats FY 2025-2026/Physical - UCLA Physical Filters"
11,283,"Physical - UCLA SCA Exclusions","F11-C110","","NOT(DESCRIPTOR_IDOF(""Physical Items"".""Institution"".""Institution Name"") = 6533 AND ""Bibliographic Details"".""Material Type"" = 'Mixed material')",0,"","","Physical Items","/shared/University of California System 01UCS_NETWORK/Reports/Local Requests/Annual Statistic Reports/Annual Stats FY 2025-2026/Physical - UCLA SCA Exclusions"
12,288,"Physical - UCR Physical Filters","F12-C111","AND","""Location"".""Location Code"" <> 'srlf'",0,"","","Physical Items","/shared/University of California System 01UCS_NETWORK/Reports/Local Requests/Annual Statistic Reports/Annual Stats FY 2025-2026/Physical - UCR Physical Filters"
12,288,"Physical - UCR Physical Filters","F12-C112","AND","""Location"".""Location Code"" <> 'xxx'",0,"","","Physical Items","/shared/University of California System 01UCS_NETWORK/Reports/Local Requests/Annual Statistic Reports/Annual Stats FY 2025-2026/Physical - UCR Physical Filters"
12,288,"Physical - UCR Physical Filters","F12-C113","AND","""Location"".""Location Name"" NOT IN (19 values; see Value List Summary and companion CSV)",19,"","","Physical Items","/shared/University of California System 01UCS_NETWORK/Reports/Local Requests/Annual Statistic Reports/Annual Stats FY 2025-2026/Physical - UCR Physical Filters"
13,289,"Physical - UCR SCA exclusions","F13-C114","","NOT(DESCRIPTOR_IDOF(""Physical Items"".""Institution"".""Institution Name"") = 4706 AND ""Location"".""Location Name"" IN ('Southern Regional Library Facility Special Collections & University Archives', 'Special Collections', 'Special Collections Archives', 'Special Collections Artists Books', 'Special Collections Artists Books Flat', 'Special Collections Artists Books Oversize', 'Special Collections Artists Books Tiny', 'Special Collections Artists Books Vault', 'Special Collections CD', 'Special Collections Computer File', 'Special Collections Costo', 'Special Collections Costo Oversize', 'Special Collections Costo Oversize V', 'Special Collections Costo Vault', 'Special Collections Flat', 'Special Collections Flat V', 'Special Collections Leaves Flat Vault', 'Special Collections Leaves Oversize Vault', 'Special Collections Leaves Tiny Vault', 'Special Collections Leaves Vault', 'Special Collections Manuscripts', 'Special Collections Map Case', 'Special Collections Map Rivera', 'Special Collections Oversize', 'Special Collections Oversize Vault', 'Special Collections Pamphlets', 'Special Collections Photo', 'Special Collections Photo Oversize', 'Special Collections Reserve', 'Special Collections Staff Reference', 'Special Collections Thesis', 'Special Collections Tiny', 'Special Collections Tiny Vault', 'Special Collections Traven', 'Special Collections Traven Oversize', 'Special Collections Traven Vault', 'Special Collections Vault', 'Special Collections Video Tape') AND ""Physical Item Details"".""Material Type"" = 'Archival Material')",0,"","","Physical Items","/shared/University of California System 01UCS_NETWORK/Reports/Local Requests/Annual Statistic Reports/Annual Stats FY 2025-2026/Physical - UCR SCA exclusions"
14,292,"Physical - UCSB Physical filters","F14-C115","","""Location"".""Location Code"" <> 'srlf'",0,"","","Physical Items","/shared/University of California System 01UCS_NETWORK/Reports/Local Requests/Annual Statistic Reports/Annual Stats FY 2025-2026/Physical - UCSB Physical filters"
15,295,"Physical - UCSC Physical Filters","F15-C116","AND","""Location"".""Location Code"" NOT IN ('srlf', 'zdelete', 'zdelete15', 'SRLF', 'spnr')",5,"","","Physical Items","/shared/University of California System 01UCS_NETWORK/Reports/Local Requests/Annual Statistic Reports/Annual Stats FY 2025-2026/Physical - UCSC Physical Filters"
15,295,"Physical - UCSC Physical Filters","F15-C117","AND","""Location"".""Location Name"" <> 'zdelete'",0,"","","Physical Items","/shared/University of California System 01UCS_NETWORK/Reports/Local Requests/Annual Statistic Reports/Annual Stats FY 2025-2026/Physical - UCSC Physical Filters"
16,296,"Physical - UCSC SCA Exclusions","F16-C118","AND","NOT(""Location"".""Location Code"" IN ('spc', 'spann', 'spanv', 'sprice', 'spred', 'spwhi', 'spflm', 'spnr', 'spovr', 'spovm') AND ""Holding Details"".""Permanent Call Number"" LIKE 'UA%')",0,"","","Physical Items","/shared/University of California System 01UCS_NETWORK/Reports/Local Requests/Annual Statistic Reports/Annual Stats FY 2025-2026/Physical - UCSC SCA Exclusions"
16,296,"Physical - UCSC SCA Exclusions","F16-C119","AND","NOT(""Location"".""Location Code"" IN ('spc', 'spann', 'spanv', 'sprice', 'spred', 'spwhi', 'spflm', 'spnr', 'spovr', 'spovm') AND ""Holding Details"".""Permanent Call Number"" LIKE 'MS%')",0,"","","Physical Items","/shared/University of California System 01UCS_NETWORK/Reports/Local Requests/Annual Statistic Reports/Annual Stats FY 2025-2026/Physical - UCSC SCA Exclusions"
17,299,"Physical - UCSD Physical Filters","F17-C120","AND","""Location"".""Location Code"" NOT IN ('cc_borbot', 'cc_flr2', 'cc_stor', 'desk', 'srlf', 'SRLF')",0,"","","Physical Items","/shared/University of California System 01UCS_NETWORK/Reports/Local Requests/Annual Statistic Reports/Annual Stats FY 2025-2026/Physical - UCSD Physical Filters"
17,299,"Physical - UCSD Physical Filters","F17-C121","AND","""Location"".""Location Name"" <> 'Problem location from Migration'",0,"","","Physical Items","/shared/University of California System 01UCS_NETWORK/Reports/Local Requests/Annual Statistic Reports/Annual Stats FY 2025-2026/Physical - UCSD Physical Filters"
18,300,"Physical - UCSD SCA Exclusions","F18-C122","AND","NOT(""Location"".""Library Code"" IN ('SCA') AND ""Holding Details"".""Permanent Call Number"" LIKE 'SAC%')",0,"","","Physical Items","/shared/University of California System 01UCS_NETWORK/Reports/Local Requests/Annual Statistic Reports/Annual Stats FY 2025-2026/Physical - UCSD SCA Exclusions"
18,300,"Physical - UCSD SCA Exclusions","F18-C123","AND","NOT(""Location"".""Library Code"" IN ('SCA') AND ""Holding Details"".""Permanent Call Number"" LIKE 'SMC%')",0,"","","Physical Items","/shared/University of California System 01UCS_NETWORK/Reports/Local Requests/Annual Statistic Reports/Annual Stats FY 2025-2026/Physical - UCSD SCA Exclusions"
18,300,"Physical - UCSD SCA Exclusions","F18-C124","AND","NOT(""Location"".""Library Code"" IN ('SCA') AND ""Holding Details"".""Permanent Call Number"" LIKE 'MSS%')",0,"","","Physical Items","/shared/University of California System 01UCS_NETWORK/Reports/Local Requests/Annual Statistic Reports/Annual Stats FY 2025-2026/Physical - UCSD SCA Exclusions"
18,300,"Physical - UCSD SCA Exclusions","F18-C125","AND","NOT(""Location"".""Library Code"" IN ('SCA') AND ""Holding Details"".""Permanent Call Number"" LIKE 'RSS%')",0,"","","Physical Items","/shared/University of California System 01UCS_NETWORK/Reports/Local Requests/Annual Statistic Reports/Annual Stats FY 2025-2026/Physical - UCSD SCA Exclusions"
19,303,"Physical - UCSF Physical Filters","F19-C126","","""Location"".""Location Code"" <> 'frsno'",0,"","","Physical Items","/shared/University of California System 01UCS_NETWORK/Reports/Local Requests/Annual Statistic Reports/Annual Stats FY 2025-2026/Physical - UCSF Physical Filters"
20,306,"TEST REDO Physical - UCI Physical Filters","F20-C127","AND","""Location"".""Location Code"" NOT IN (13 values; see Value List Summary and companion CSV)",13,"","","Physical Items","/shared/University of California System 01UCS_NETWORK/Reports/Local Requests/Annual Statistic Reports/Annual Stats FY 2025-2026/TEST REDO Physical - UCI Physical Filters"
20,306,"TEST REDO Physical - UCI Physical Filters","F20-C128","AND","""Location"".""Location Name"" NOT IN ('zz', 'Problem location from Migration')",2,"","","Physical Items","/shared/University of California System 01UCS_NETWORK/Reports/Local Requests/Annual Statistic Reports/Annual Stats FY 2025-2026/TEST REDO Physical - UCI Physical Filters"
20,306,"TEST REDO Physical - UCI Physical Filters","F20-C129","AND","""Library Unit"".""Library Code"" NOT IN ('AYALA', 'OCSEAA')",2,"","","Physical Items","/shared/University of California System 01UCS_NETWORK/Reports/Local Requests/Annual Statistic Reports/Annual Stats FY 2025-2026/TEST REDO Physical - UCI Physical Filters"
20,306,"TEST REDO Physical - UCI Physical Filters","F20-C130","AND","""Location"".""Library Name"" NOT IN ('X_Do_Not_Use_Old_Orange County & Southeast Asian Archive Center', 'X_Do_Not_Use_Old_Science Library')",2,"","","Physical Items","/shared/University of California System 01UCS_NETWORK/Reports/Local Requests/Annual Statistic Reports/Annual Stats FY 2025-2026/TEST REDO Physical - UCI Physical Filters"
20,306,"TEST REDO Physical - UCI Physical Filters","F20-C131","OR","""Physical Item Details"".""Statistics Note 2"" IS NULL",0,"","","Physical Items","/shared/University of California System 01UCS_NETWORK/Reports/Local Requests/Annual Statistic Reports/Annual Stats FY 2025-2026/TEST REDO Physical - UCI Physical Filters"
20,306,"TEST REDO Physical - UCI Physical Filters","F20-C132","AND","""Physical Item Details"".""Statistics Note 2"" IS NOT NULL",0,"","","Physical Items","/shared/University of California System 01UCS_NETWORK/Reports/Local Requests/Annual Statistic Reports/Annual Stats FY 2025-2026/TEST REDO Physical - UCI Physical Filters"
20,306,"TEST REDO Physical - UCI Physical Filters","F20-C133","AND","DESCRIPTOR_IDOF(""Physical Items"".""Institution"".""Institution Name"") = 4701 AND ""Physical Item Details"".""Statistics Note 2"" <> '-'",0,"","","Physical Items","/shared/University of California System 01UCS_NETWORK/Reports/Local Requests/Annual Statistic Reports/Annual Stats FY 2025-2026/TEST REDO Physical - UCI Physical Filters"
20,306,"TEST REDO Physical - UCI Physical Filters","F20-C134","AND","DESCRIPTOR_IDOF(""Physical Items"".""Institution"".""Institution Name"") = 4701 AND ""Physical Item Details"".""Statistics Note 2"" NOT LIKE 'from%'",0,"","","Physical Items","/shared/University of California System 01UCS_NETWORK/Reports/Local Requests/Annual Statistic Reports/Annual Stats FY 2025-2026/TEST REDO Physical - UCI Physical Filters"
20,306,"TEST REDO Physical - UCI Physical Filters","F20-C135","AND","DESCRIPTOR_IDOF(""Physical Items"".""Institution"".""Institution Name"") = 4701 AND ""Physical Item Details"".""Statistics Note 2"" NOT LIKE '%rlf-%'",0,"","","Physical Items","/shared/University of California System 01UCS_NETWORK/Reports/Local Requests/Annual Statistic Reports/Annual Stats FY 2025-2026/TEST REDO Physical - UCI Physical Filters"
20,306,"TEST REDO Physical - UCI Physical Filters","F20-C136","AND","DESCRIPTOR_IDOF(""Physical Items"".""Institution"".""Institution Name"") = 4701 AND ""Physical Item Details"".""Statistics Note 2"" NOT LIKE '%sp-%'",0,"","","Physical Items","/shared/University of California System 01UCS_NETWORK/Reports/Local Requests/Annual Statistic Reports/Annual Stats FY 2025-2026/TEST REDO Physical - UCI Physical Filters"
20,306,"TEST REDO Physical - UCI Physical Filters","F20-C137","AND","DESCRIPTOR_IDOF(""Physical Items"".""Institution"".""Institution Name"") = 4701 AND ""Physical Item Details"".""Statistics Note 2"" NOT LIKE '%wd%'",0,"","","Physical Items","/shared/University of California System 01UCS_NETWORK/Reports/Local Requests/Annual Statistic Reports/Annual Stats FY 2025-2026/TEST REDO Physical - UCI Physical Filters"
20,306,"TEST REDO Physical - UCI Physical Filters","F20-C138","AND","DESCRIPTOR_IDOF(""Physical Items"".""Institution"".""Institution Name"") = 4701 AND ""Physical Item Details"".""Statistics Note 2"" NOT LIKE '%ithd%'",0,"","","Physical Items","/shared/University of California System 01UCS_NETWORK/Reports/Local Requests/Annual Statistic Reports/Annual Stats FY 2025-2026/TEST REDO Physical - UCI Physical Filters"
21,307,"zz_old_Physical - UCI SCA Exclusions","F21-C139","AND","NOT(DESCRIPTOR_IDOF(""Physical Items"".""Institution"".""Institution Name"") = 4701 AND ""Location"".""Location Code"" IN ('gocrh', 'gseaa', 'spcol') AND (""Bibliographic Details"".""Uniform Resource Identifier"" LIKE '%findaid%'))",0,"","","Physical Items","/shared/University of California System 01UCS_NETWORK/Reports/Local Requests/Annual Statistic Reports/Annual Stats FY 2025-2026/zz_old_Physical - UCI SCA Exclusions"
21,307,"zz_old_Physical - UCI SCA Exclusions","F21-C140","AND","NOT(DESCRIPTOR_IDOF(""Physical Items"".""Institution"".""Institution Name"") = 4701 AND ""Location"".""Location Code"" IN ('gocrh', 'gseaa', 'spcol') AND (""Bibliographic Details"".""Uniform Resource Identifier"" LIKE '%oac.cdlib%'))",0,"","","Physical Items","/shared/University of California System 01UCS_NETWORK/Reports/Local Requests/Annual Statistic Reports/Annual Stats FY 2025-2026/zz_old_Physical - UCI SCA Exclusions"
