"saved_column_object_index","catalog_index","saved_column_index","object_title","subject_area","original_path","column_caption","column_id","column_path","data_type","formula"
1,1,1,"Electronic - Count of Electronic Holdings",,"/shared/University of California System 01UCS_NETWORK/Reports/Local Requests/Annual Statistic Reports/Annual Stats FY 2025-2026/Electronic - Count of Electronic Holdings","Portfolio",,,"saw:regularColumn","COUNT(DISTINCT ""Portfolio"".""Portfolio Id"")"
2,2,1,"Electronic - Count of Electronic Titles",,"/shared/University of California System 01UCS_NETWORK/Reports/Local Requests/Annual Statistic Reports/Annual Stats FY 2025-2026/Electronic - Count of Electronic Titles","Bibliographic Details",,,"saw:regularColumn","COUNT(DISTINCT ""Bibliographic Details"".""MMS Id"")"
3,7,1,"Electronic - Global Stats Electronic included/excluded designator",,"/shared/University of California System 01UCS_NETWORK/Reports/Local Requests/Annual Statistic Reports/Annual Stats FY 2025-2026/Electronic - Global Stats Electronic included/excluded designator","Electronic Collection",,,"saw:regularColumn","""Electronic Collection"".""Electronic Collection Interface Name""""Bibliographic Details"".""Title"" IS NULLExcluded""Bibliographic Details"".""Title"" = ' 'Excluded""Bibliographic Details"".""Title"" = ''Excluded""Bibliographic Details"".""MMS Id"" <= '0'Excluded""Portfolio"".""Portfolio Id"" <= '0'Excluded""Bibliographic Details"".""Suppressed From Discovery"" NOT IN ('NULL', 'No')Excluded""Portfolio"".""Lifecycle"" <> 'In Repository'Excluded""Portfolio"".""Availability"" <> 'Available'Excluded""Bibliographic Details"".""Resource Type"" IN ('NULL', 'Unknown')Excluded""Electronic Collection"".""Electronic Collection Public Name (override)"" = 'JSTOR Books DDA' AND ""Bibliographic Details"".""Local Param 01"" LIKE '%CDL%' AND DESCRIPTOR_IDOF(""Physical Items"".""Institution"".""Institution Name"") = 6531Excluded""Electronic Collection"".""Electronic Collection Interface Name"" LIKE '%Airiti%' AND ""Bibliographic Details"".""Local Param 01"" LIKE '%CDL%' AND DESCRIPTOR_IDOF(""Physical Items"".""Institution"".""Institution Name"") = 6531Excluded""Electronic Collection"".""Electronic Collection Interface Name"" LIKE '%CNPeReading%' AND ""Bibliographic Details"".""Local Param 01"" LIKE '%CDL%' AND DESCRIPTOR_IDOF(""Physical Items"".""Institution"".""Institution Name"") = 6531Excluded""Electronic Collection"".""Electronic Collection Public Name"" = 'DOAB Directory of Open Access Books' AND DESCRIPTOR_IDOF(""Physical Items"".""Institution"".""Institution Name"") = 6531Excluded""Electronic Collection"".""Electronic Collection Public Name"" LIKE '%Kanopy%' AND DESCRIPTOR_IDOF(""Physical Items"".""Institution"".""Institution Name"") = 6531Excluded""Electronic Collection"".""Electronic Collection Public Name"" IN ('Swank Motion Pictures Trial', 'Trial Feedback Form') OR ""Electronic Collection"".""Electronic Collection Public Name (override)"" = 'Japan Times Digital Archive, 1897-2018 TRIAL'ExcludedDESCRIPTOR_IDOF(""E-Inventory"".""Institution"".""Institution Name"") = 6534 AND ""Portfolio"".""Purchase Model"" LIKE ('%DDA%Candidate%')ExcludedDESCRIPTOR_IDOF(""E-Inventory"".""Institution"".""Institution Name"") = 6535 AND ""Portfolio"".""Purchase Model"" LIKE ('%DDA%Candidate%')ExcludedDESCRIPTOR_IDOF(""E-Inventory"".""Institution"".""Institution Name"") = 4876 AND ""E-inventory"".""Portfolio"".""Purchase Model"" = 'DDA Candidate' AND ""E-inventory"".""Electronic Collection"".""Electronic Collection Public Name"" = 'Ebook Central Perpetual, DDA and Subscription Titles'Excluded""Electronic Collection"".""Electronic Collection Public Name"" = 'Ebook Central Perpetual, DDA and Subscription Titles' AND ""Portfolio"".""Purchase Model"" LIKE ('%DDA%Candidate%')Excluded""Portfolio Library Unit"".""Library Name"" LIKE 'X_Do_Not_Use_%'Excluded""Electronic Collection"".""Electronic Collection Public Name"" IN ('R2 Digital Library PDA Discoverable Titles')ExcludedDESCRIPTOR_IDOF(""Physical Items"".""Institution"".""Institution Name"") = 3126 AND ""Electronic Collection"".""Electronic Collection Public Name"" = 'Palace App (read this ebook on your phone or tablet)_LOCAL'ExcludedDESCRIPTOR_IDOF(""Physical Items"".""Institution"".""Institution Name"") = 6531 AND ""Electronic Collection"".""Electronic Collection Public Name"" = 'Read via the Palace Project ebook pilot!'ExcludedDESCRIPTOR_IDOF(""Physical Items"".""Institution"".""Institution Name"") = 4706 AND ""Electronic Collection"".""Electronic Collection Public Name"" = 'E-Book Discovery'ExcludedDESCRIPTOR_IDOF(""E-Inventory"".""Institution"".""Institution Name"") = 6535 AND ""Electronic Collection"".""Electronic Collection Public Name"" IN ('EBSCO (UCSD). eBook Collection DDA online monographs.', 'JSTOR DDA online monographs (UCSD).')ExcludedDESCRIPTOR_IDOF(""Physical Items"".""Institution"".""Institution Name"") = 4701 AND ""Electronic Collection"".""Electronic Collection Public Name"" IN ('R2 Digital Library DDA', 'EBL online monographs', 'Taylor & Francis online monographs (EBS)')ExcludedDESCRIPTOR_IDOF(""Physical Items"".""Institution"".""Institution Name"") = 4701 AND (""Electronic Collection"".""Electronic Collection Public Name"" = 'Ebook Central Perpetual, DDA and Subscription Titles' AND ""Portfolio"".""Purchase Model"" = 'DDA Candidate')ExcludedDESCRIPTOR_IDOF(""E-Inventory"".""Institution"".""Institution Name"") = 4876 AND ""Electronic Collection"".""Electronic Collection Id"" = '61459105900004876'ExcludedDESCRIPTOR_IDOF(""E-Inventory"".""Institution"".""Institution Name"") = 4876 AND ""Electronic Collection"".""Electronic Collection Public Name"" = 'EBSCO DDA Titles'ExcludedDESCRIPTOR_IDOF(""E-Inventory"".""Institution"".""Institution Name"") = 6535 AND ""Electronic Collection"".""Electronic Collection Public Name"" = 'Kanopy DDA online videos (UCSD).'ExcludedDESCRIPTOR_IDOF(""E-Inventory"".""Institution"".""Institution Name"") = 6535 AND ""Electronic Collection"".""Electronic Collection Id"" = '61231639680006535'ExcludedDESCRIPTOR_IDOF(""E-Inventory"".""Institution"".""Institution Name"") = 6532 AND ""Electronic Collection"".""Electronic Collection Id"" = '611126508330006532'ExcludedDESCRIPTOR_IDOF(""E-Inventory"".""Institution"".""Institution Name"") = 4706 AND ""Electronic Collection"".""Electronic Collection Id"" = '61440950170004706'ExcludedIncluded"
4,24,1,"Electronic - Global Stats Electronic Library Categories",,"/shared/University of California System 01UCS_NETWORK/Reports/Local Requests/Annual Statistic Reports/Annual Stats FY 2025-2026/Electronic - Global Stats Electronic Library Categories","UCOP Stats",,,"saw:regularColumn","""Portfolio Library Unit"".""Library Name""LOWER(""Portfolio Library Unit"".""Library Name"") LIKE '%law%'LawLOWER(""Portfolio Library Unit"".""Library Name"") LIKE '%med%'Health SciencesDESCRIPTOR_IDOF(""E-Inventory"".""Institution"".""Institution Name"") = 6536Health Sciences""Portfolio Library Unit"".""Library Name""X_Do_Not_Use_ExcludeGeneral"
5,57,1,"Electronic - UCB eResources Managed By designator",,"/shared/University of California System 01UCS_NETWORK/Reports/Local Requests/Annual Statistic Reports/Annual Stats FY 2025-2026/Electronic - UCB eResources Managed By designator","Institution",,,"saw:regularColumn","""Institution"".""Institution Name""""Institution"".""Institution Name""6532Managed by UCB""Portfolio"".""Available For Group"" LIKE '%UCB%'Managed by CDL""Portfolio"".""Available For Group"" IS NULL AND DESCRIPTOR_IDOF(""E-Inventory"".""Institution"".""Institution Name"") = 6531Managed by CDLAvailable at a different campus"
6,100,1,"Electronic - UCD eResources Managed By designator",,"/shared/University of California System 01UCS_NETWORK/Reports/Local Requests/Annual Statistic Reports/Annual Stats FY 2025-2026/Electronic - UCD eResources Managed By designator","Institution",,,"saw:regularColumn","""Institution"".""Institution Name""""Institution"".""Institution Name""3126Managed by UCD""Portfolio"".""Available For Group"" LIKE '%UCD%'Managed by CDL""Portfolio"".""Available For Group"" IS NULL AND DESCRIPTOR_IDOF(""E-Inventory"".""Institution"".""Institution Name"") = 6531Managed by CDLAvailable at a different campus"
7,114,1,"Electronic - UCI eResources Managed By designator",,"/shared/University of California System 01UCS_NETWORK/Reports/Local Requests/Annual Statistic Reports/Annual Stats FY 2025-2026/Electronic - UCI eResources Managed By designator","Institution",,,"saw:regularColumn","""Institution"".""Institution Name""""Institution"".""Institution Name""4701Managed by UCI""Portfolio"".""Available For Group"" LIKE '%UCI%'Managed by CDL""Portfolio"".""Available For Group"" IS NULL AND DESCRIPTOR_IDOF(""E-Inventory"".""Institution"".""Institution Name"") = 6531Managed by CDLAvailable at a different campus"
8,143,1,"Electronic - UCLA eResources Managed By designator",,"/shared/University of California System 01UCS_NETWORK/Reports/Local Requests/Annual Statistic Reports/Annual Stats FY 2025-2026/Electronic - UCLA eResources Managed By designator","Institution",,,"saw:regularColumn","""Institution"".""Institution Name""""Institution"".""Institution Name""6533Managed by UCLA""Portfolio"".""Available For Group"" LIKE '%UCLA%'Managed by CDL""Portfolio"".""Available For Group"" IS NULL AND DESCRIPTOR_IDOF(""E-Inventory"".""Institution"".""Institution Name"") = 6531Managed by CDLAvailable at a different campus"
9,165,1,"Electronic - UCM eResources Managed By designator",,"/shared/University of California System 01UCS_NETWORK/Reports/Local Requests/Annual Statistic Reports/Annual Stats FY 2025-2026/Electronic - UCM eResources Managed By designator","Institution",,,"saw:regularColumn","""Institution"".""Institution Name""""Institution"".""Institution Name""6534Managed by UCM""Portfolio"".""Available For Group"" LIKE '%UCM%'Managed by CDL""Portfolio"".""Available For Group"" IS NULL AND DESCRIPTOR_IDOF(""E-Inventory"".""Institution"".""Institution Name"") = 6531Managed by CDLAvailable at a different campus"
10,179,1,"Electronic - UCR eResources Managed By designator",,"/shared/University of California System 01UCS_NETWORK/Reports/Local Requests/Annual Statistic Reports/Annual Stats FY 2025-2026/Electronic - UCR eResources Managed By designator","Institution",,,"saw:regularColumn","""Institution"".""Institution Name""""Institution"".""Institution Name""4706Managed by UCR""Portfolio"".""Available For Group"" LIKE '%UCR%'Managed by CDL""Portfolio"".""Available For Group"" IS NULL AND DESCRIPTOR_IDOF(""E-Inventory"".""Institution"".""Institution Name"") = 6531Managed by CDLAvailable at a different campus"
11,195,1,"Electronic - UCSB eResources Managed By designator",,"/shared/University of California System 01UCS_NETWORK/Reports/Local Requests/Annual Statistic Reports/Annual Stats FY 2025-2026/Electronic - UCSB eResources Managed By designator","Institution",,,"saw:regularColumn","""Institution"".""Institution Name""""Institution"".""Institution Name""3776Managed by UCSB""Portfolio"".""Available For Group"" LIKE '%UCSB%'Managed by CDL""Portfolio"".""Available For Group"" IS NULL AND DESCRIPTOR_IDOF(""E-Inventory"".""Institution"".""Institution Name"") = 6531Managed by CDLAvailable at a different campus"
12,200,1,"Electronic - UCSC eResources Managed By designator",,"/shared/University of California System 01UCS_NETWORK/Reports/Local Requests/Annual Statistic Reports/Annual Stats FY 2025-2026/Electronic - UCSC eResources Managed By designator","Institution",,,"saw:regularColumn","""Institution"".""Institution Name""""Institution"".""Institution Name""4876Managed by UCSC""Portfolio"".""Available For Group"" LIKE '%UCSC%'Managed by CDL""Portfolio"".""Available For Group"" IS NULL AND DESCRIPTOR_IDOF(""E-Inventory"".""Institution"".""Institution Name"") = 6531Managed by CDLAvailable at a different campus"
13,209,1,"Electronic - UCSD eResources Managed By designator",,"/shared/University of California System 01UCS_NETWORK/Reports/Local Requests/Annual Statistic Reports/Annual Stats FY 2025-2026/Electronic - UCSD eResources Managed By designator","Institution",,,"saw:regularColumn","""Institution"".""Institution Name""""Institution"".""Institution Name""6535Managed by UCSD""Portfolio"".""Available For Group"" LIKE '%UCSD%'Managed by CDL""Portfolio"".""Available For Group"" IS NULL AND DESCRIPTOR_IDOF(""E-Inventory"".""Institution"".""Institution Name"") = 6531Managed by CDLAvailable at a different campus"
14,218,1,"Electronic UCSF eResources Managed By designator",,"/shared/University of California System 01UCS_NETWORK/Reports/Local Requests/Annual Statistic Reports/Annual Stats FY 2025-2026/Electronic UCSF eResources Managed By designator","Institution",,,"saw:regularColumn","""Institution"".""Institution Name""""Institution"".""Institution Name""6536Managed by UCSFPortfolio.""Available For Group"" LIKE '%UCSF%'Managed by CDLPortfolio.""Available For Group"" IS NULL AND DESCRIPTOR_IDOF(""E-Inventory"".""Institution"".""Institution Name"") = 6531Managed by CDLAvailable at a different campus"
15,222,1,"Fulfillment - Alma User Group",,"/shared/University of California System 01UCS_NETWORK/Reports/Local Requests/Annual Statistic Reports/Annual Stats FY 2025-2026/Fulfillment - Alma User Group","Borrower Details",,,"saw:regularColumn","""Borrower Details"".""User Group"""
16,224,1,"Fulfillment - Fulfillment Institution",,"/shared/University of California System 01UCS_NETWORK/Reports/Local Requests/Annual Statistic Reports/Annual Stats FY 2025-2026/Fulfillment - Fulfillment Institution","Institution",,,"saw:regularColumn","""Institution"".""Institution Name""DESCRIPTOR_IDOF(""Fulfillment"".""Institution"".""Institution Name"") = (6532) AND ""Item Location at Time of Loan"".""Library Code"" = 'NRLF'SLF-N""Institution"".""Institution Name""6532UCB""Institution"".""Institution Name""3126UCD""Institution"".""Institution Name""4701UCIDESCRIPTOR_IDOF(""Fulfillment"".""Institution"".""Institution Name"") = (6533) AND ""Item Location at Time of Loan"".""Library Code"" = 'SRLF'SLF-S""Institution"".""Institution Name""6533UCLA""Institution"".""Institution Name""6534UCM""Institution"".""Institution Name""4706UCR""Institution"".""Institution Name""3776UCSB""Institution"".""Institution Name""4876UCSC""Institution"".""Institution Name""6535UCSD""Institution"".""Institution Name""6536UCSFOther - needs investigation"
17,229,1,"Fulfillment - FY 2025-26 Loans (Not In House)",,"/shared/University of California System 01UCS_NETWORK/Reports/Local Requests/Annual Statistic Reports/Annual Stats FY 2025-2026/Fulfillment - FY 2025-26 Loans (Not In House)","Loan",,,"saw:regularColumn","""Loan"".""Loans (Not In House)"""
18,233,1,"Fulfillment - UCB Check-Out Type",,"/shared/University of California System 01UCS_NETWORK/Reports/Local Requests/Annual Statistic Reports/Annual Stats FY 2025-2026/Fulfillment - UCB Check-Out Type","Item Location at Time of Loan",,,"saw:regularColumn","""Item Location at Time of Loan"".""Location Code""""Item Location at Time of Loan"".""Location Code""UNASSIGNEDah92ah9edrrzsea9rqc9mqn9cmuvesxExclude""Item Location at Time of Loan"".""Location Code""buchsma9fma9eev9tgsmtsmf9fmf9emfmfsso9fso9eEquipment""Physical Item Details"".""Item Policy"" LIKE '%quipment%'Equipment""Item Location at Time of Loan"".""Location Code""OUT_RS_REQIN_RS_REQILL""Item Location at Time of Loan"".""Location Code""anahah9tahuah9aah9lah9dah95ah9gah9jtbtb2tbotb9utb9otb9ptb95tb94tbrtbwtbvtptutuotu94bibicbi9cbifbilbimbi9bbinbbikbirbisbi9dbucbuschchcchnbchpchrdrmamacucbearszweses93es9cesies9mes9bes9dessesweaeaoeateaueaveareaseaxea9wenen9cencen9iensenspevevrevpev2evpoevoevuevsqaqcqclqeqe9fqnqn9kqn9migigrigsititeitiithitpitslblb9lmtmtpmtamcmomo9amo9fmogamo9gmo9mmo9nmo9pmo9ymo9smo9tmumu9mmu9xmucmu9cmuomu9fdnnbqarnbtbrnbtnrnntnrnbqcrnbqernbearnbevrnbcernbitrnbmarnbmnrnbmcrnbmurnbqnrnnclnpuprnbannbahnbbinbbunbchnbesnbeanbennbevnbignbitnblwnbmanbmtnbmunbdnnbphnbsonbssnddondhendlandphndshnlxxnrxxnsxxncmhncmencscnfgenuclnu03unuhtnu01unu02unu03bnu01bnu02bnbphrnbturndsprnlyrrncsprnfsprphpphssososesnbes97eanbeaobennbnbbirnbchrnbdnrndagCheck-OutNew check-out location - needs categorization"
19,235,1,"Fulfillment - UCB User Group",,"/shared/University of California System 01UCS_NETWORK/Reports/Local Requests/Annual Statistic Reports/Annual Stats FY 2025-2026/Fulfillment - UCB User Group","Borrower Details",,,"saw:regularColumn","""Borrower Details"".""User Group""""Borrower Details"".""User Group""Executive/ManagementFaculty/Academic StaffGTU FacultyGTU Staff/Visiting ScholarHoward Hughes InstituteLBNL Academic StaffMathematical Sciences Research InstituteProxy - FacultyStanford FacultyUC Extension FacultyUCB Academic Dept Affiliate No ProxyUCB Post-docUCB Visiting ScholarCampus academic""Borrower Details"".""User Group""Graduate StudentGTU Graduate StudentStanford Graduate StudentCampus graduates""Borrower Details"".""User Group""LBNL Guest/Temp/ContractorLBNL Non-Academic/Post-docLBNL Retired StaffLibrary Departmental CardLibrary DevelopmentLibrary Retired StaffLibrary StaffLLNL Academic StaffLLNL Non-Academic Staff/Post-docLLNL Retired StaffNon-Academic Retired StaffNon-Academic StaffOther UC RetireeUC Office of the PresidentCampus staff""Borrower Details"".""User Group""UC Extension StudentUC Extension Student Non-concurrentUndergraduateUndergraduate - UCB SLECampus undergraduates""Borrower Details"".""User Group""AlumniAlumni LifetimeBotanical Garden DocentFaculty/Academic SpouseFaculty/Academic Staff ChildrenInstitute for Historical StudyNon-Academic Staff SpouseReference Use OnlyUCB Academic Dept AffiliateUCB Alumni Association StaffOther - Campus Other""Borrower Details"".""User Group""CA Private Univ/Coll StudentCA Public School TeachersCA ResidentCA University/Colleges FacultyCA University/Colleges StudentLibrary Non-Affiliated UsersOther UC SpouseCA Private School TeachersDept of Health Services (DHS)ICSI_MSRILibrary VolunteerOther - Non-UCs""Borrower Details"".""User Group""NETWORKNetworkIntercampus Loan (Network)""Borrower Details"".""User Group""ILL Other LibrariesILL UCInterlibrary Loan (ILL)""Borrower Details"".""User Group""Exclude""Borrower Details"".""User Group""SLF-N Departmental CardSLF-N/UCB Google CartTest Patron GraduateTest Patron UndergraduateNRLF Departmental CardNRLF/UCB Google CartExclude""Borrower Details"".""User Group""UC Visiting Scholar/Post-docOther - Other UCsNew user group - needs categorization"
20,239,1,"Fulfillment - UCD Check-Out Type",,"/shared/University of California System 01UCS_NETWORK/Reports/Local Requests/Annual Statistic Reports/Annual Stats FY 2025-2026/Fulfillment - UCD Check-Out Type","Item Location at Time of Loan",,,"saw:regularColumn","""Item Location at Time of Loan"".""Location Code""""Item Location at Time of Loan"".""Library Code"" LIKE 'ILL%'ILL""Item Location at Time of Loan"".""Location Code""ILLOUT_RS_REQILL""Physical Item Details"".""Item Policy"" LIKE '%quipment%'Equipment""Item Location at Time of Loan"".""Location Code""RLISTRESVTPREPCRESRFRESRESSERESCourse Reserves""Item Location at Time of Loan"".""Location Code""BIOETBMLEXGAMESGENGRESVNEWREFARCHVMRRMLKMEDIAPOPSTXSARESSHLDSBIOVCAMPUSEALEALRFGVMEDGVSTXMANNSHREMMICROOVERASCUCDGROWNPSELRARESPCOLSUPSDEALOVGENSPCheck-OutNew check-out location - needs categorization"
21,240,1,"Fulfillment - UCD User Group",,"/shared/University of California System 01UCS_NETWORK/Reports/Local Requests/Annual Statistic Reports/Annual Stats FY 2025-2026/Fulfillment - UCD User Group","Borrower Details",,,"saw:regularColumn","""Borrower Details"".""User Group""""Borrower Details"".""User Group""Faculty and StaffLaw FacultyUC Ac.Sen., Ac.Fed. & Clin.Fac.(active & retired)UC Research (active & retired)UCD Ac.Sen., Ac.Fed. & Clin.Fac.(active & retired)UCD Research (active & retired)Campus academic""Borrower Details"".""User Group""Graduate StudentsHealth Sciences Graduate StudentsHealth Sciences ResidentsLaw Students and StaffUC GraduateUCD GraduateUCD Health Sciences GraduateUCD Health Sciences ResidentCampus graduates""Borrower Details"".""User Group""Library InternalLibrary Internal - Long LoanInternal Library StaffInternal Library Staff -- In-house useUC Staff (active & retired)UCD Staff (active & retired)Campus staff""Borrower Details"".""User Group""Undergraduate studentsSpecial UNEX StudentUC UndergraduateUCD Honors Undergraduate (UCD only)Campus undergraduates""Borrower Details"".""User Group""MiscellaneousCA college studentsCourtesy -- AlumniCourtesy 10 limitCourtesy 50 limitFee 5 limitProblem patronsStanfordSuspended AccountTemporary AffiliatesUCD Spouse or Adult ChildOther - Campus Other""Borrower Details"".""User Group""Alumni and CA CommunityLaw Visiting ScholarsLaw PublicOther - Non-UCs""Borrower Details"".""User Group""NetworkIntercampus Loan (Network)""Borrower Details"".""User Group""UCD UndergraduateTestzPurge Health Sciences Residents (only assign for Purge Job)zPurge Miscellaneous (only assign for Purge Job)Exclude""Borrower Details"".""User Group""Exclude""Borrower Details"".""User Group""Interlibrary LoanInterlibrary Loan -- UC Fac/GradInterlibrary Loan (ILL)New user group - needs categorization"
22,242,1,"Fulfillment - UCI Check-Out Type",,"/shared/University of California System 01UCS_NETWORK/Reports/Local Requests/Annual Statistic Reports/Annual Stats FY 2025-2026/Fulfillment - UCI Check-Out Type","Item Location at Time of Loan",,,"saw:regularColumn","""Item Location at Time of Loan"".""Location Code""DESCRIPTOR_IDOF(""Fulfillment"".""Institution"".""Institution Name"") =4701 AND ""Item Location at Time of Loan"".""Location Code"" = 'lawcr' AND ""Physical Item Details"".""Item Policy"" = '12 Hours Loan'Equipment""Physical Item Details"".""Item Policy"" LIKE '%quipment%'Equipment""Item Location at Time of Loan"".""Location Code""UNASSIGNEDsrlfExclude""Item Location at Time of Loan"".""Location Code""gmlmlxllexllckxllhkxeqsaxslkbxslexslkdEquipment""Item Location at Time of Loan"".""Location Code""gmlilllawillllill_rsllawill_rslslillILL""Item Location at Time of Loan"".""Location Code""gmlresllreslawcrslrespermslresslresmediaCourse Reserves""Item Location at Time of Loan"".""Location Code""gmlgseadgocrhgseaallllxllcomlldoseacoleaoseanbgpcagploceakorllldllcppllmicllloblllobillosllbprllpullreflltoslawcslawfdlawrrlawreflawreslawstackslawsupslslbgsldosgpusslmediaslrefmediaslvaultslosllcprearefllledspcollawcdCheck-OutNew check-out location - needs categorization"
23,244,1,"Fulfillment - UCI User Group",,"/shared/University of California System 01UCS_NETWORK/Reports/Local Requests/Annual Statistic Reports/Annual Stats FY 2025-2026/Fulfillment - UCI User Group","Borrower Details",,,"saw:regularColumn","""Borrower Details"".""User Group""""Borrower Details"".""User Group""UCI Arts FacultyUCI FacultyUCI Faculty DDSUCI Law FacultyUCI LibrarianUCI Arts Faculty DDSUCI Division of Continuing Education FacultyVisiting ScholarCampus academic""Borrower Details"".""User Group""UCI Graduate StudentUCI Law Graduate StudentUCI Law JournalUCI Graduate Student DDSCampus graduates""Borrower Details"".""User Group""UCI Law StaffUCI Law Staff DDSUCI Library StaffUCI Retired StaffUCI StaffUCI Staff DDSCampus staff""Borrower Details"".""User Group""UCI Division of Continuing Education StudentUCI Honors StudentUCI Regents Scholar/UROPUCI Undergraduate StudentCampus undergraduates""Borrower Details"".""User Group""CommunityCommunity College Honors StudentHigh School StudentOther - Campus Other""Borrower Details"".""User Group""Other FacultyOther Graduate StudentOther Undergraduate StudentUCI Law AlumniOther - Non-UCs""Borrower Details"".""User Group""NetworkUC FacultyILL Lending UCIntercampus Loan (Network)""Borrower Details"".""User Group""ILL Lending Non-UCInterlibrary Loan (ILL)""Borrower Details"".""User Group""UCI Library Department CardPURGEExclude""Borrower Details"".""User Group""ExcludeNew user group - needs categorization"
24,246,1,"Fulfillment - UCLA Check-Out Type",,"/shared/University of California System 01UCS_NETWORK/Reports/Local Requests/Annual Statistic Reports/Annual Stats FY 2025-2026/Fulfillment - UCLA Check-Out Type","Item Location at Time of Loan",,,"saw:regularColumn","""Item Location at Time of Loan"".""Location Code""""Item Location at Time of Loan"".""Location Code""5542561600006533arcgabxuechltuerfyrcleanupyrcatsupyrgicExclude""Item Location at Time of Loan"".""Location Code""archromearpubcircartcliccbichromebiocliccbipubcircboechromeboecliccboepubcirccccollegeclasscliccclchromeclicclockecliccpnloccliccpsloccliccynloccliccyslocmgpubcircmuchromemusiccliccsgcliccUNASSIGNEDyrchromecliccpkskcliccykskmgchromeclpubcircyrpubcircEquipment""Physical Item Details"".""Item Policy"" LIKE '%quipment%'Equipment""Item Location at Time of Loan"".""Location Code""lwillOUT_RS_REQILL""Item Location at Time of Loan"".""Location Code""arcrbirsbirsprscpclrsearslwrslwrspermgcirsmgrsmgrsstrgmurssmcrsyrcipryrrsCourse Reserves""Item Location at Time of Loan"".""Location Code""ararcgarcgabarcgabxxarcgxarcotfarmediaarperarperxarplayarrfarrsarscriptartsTSarxarxx-xxxbibicidpermbicotfbiperbirfbirsclasclclcareerclcookcldispclenigclgrfnclnrfcclofclpermclsustaincltravclvidgamesclzineeaeadiujnleaovereaxeaxxherblsbihilsbirfhistlsyrstaxlwlwcivideolwcixlwcleanuplwofrflwphillwrflwsuperlwtrrlwwilliamsmgcleanupmgnbksmgrfmgsccohimumuclsdmuclsdmmmuclsdsdrmuminimunbksmuxmuxxmuxxxsgsgansgcotfsgdispsgmisgpersgputsmsmavsmcotfsmpersmrspermsmsctallmsrsrarsrar2srbi2srbuosrcasrcksrcrsretsrilsrmnmsrnoncircsrubsruclsrucl2srucl3srucl4srud0srud2srui2srursryr2sryr7sryr8ue123eueabceueaubksuebiogueefolkueestaxueficueficeruefolkueforuenficuepapuepoeuesmalleuesxyryralmiyranyranxyrciyrlcotfyrllostyrmiclsdyrpeyrperyrrisatlyrrisrryrxyrxxyrxxxartsbixcaearfclgamesryr9Check-OutNew check-out location - needs categorization"
25,249,1,"Fulfillment - UCLA User Group",,"/shared/University of California System 01UCS_NETWORK/Reports/Local Requests/Annual Statistic Reports/Annual Stats FY 2025-2026/Fulfillment - UCLA User Group","Borrower Details",,,"saw:regularColumn","""Borrower Details"".""User Group""""Borrower Details"".""User Group""UCLA Acad - NoLimitUCLA Acad ProxyUCLA AcademicUCLA Law AcademicUCLA Law ProxyUCLA Retired AcademicCampus academic""Borrower Details"".""User Group""UCLA GraduateUCLA Law GradUCLA Mgmt PhDUCLA Music GradUCLA Grad NoLimitCampus graduates""Borrower Details"".""User Group""Internal Use OnlyUCLA Law StaffUCLA Lib Staff RecallUCLA StaffCampus staff""Borrower Details"".""User Group""UCLA Music UndergradUCLA UndergradCampus undergraduates""Borrower Details"".""User Group""Early ChildhoodExtensionExternal 10 - AssociatesExternal 10 - UCLA AlumniGeffen Academy StudentLab School ParentLab School StudentSPRUCLA Retired StaffVGROther - Campus Other""Borrower Details"".""User Group""Access OnlyAP/TAP StudentExternal 10External 20External 200 - FacultyExternal 200 - OtherExternal 5 - OtherExternal 50 - CorporationOther - Non-UCs""Borrower Details"".""User Group""NETWORKNetworkIntercampus Loan (Network)""Borrower Details"".""User Group""ILL Department - Non UCILL Department - UCInterlibrary Loan (ILL)""Borrower Details"".""User Group""Campus patrons - no breakdown""Borrower Details"".""User Group""EHSUCLA Library Staff DepartmentUsers to PurgeExcludeNew user group - needs categorization"
26,250,1,"Fulfillment - UCM Check-Out Type",,"/shared/University of California System 01UCS_NETWORK/Reports/Local Requests/Annual Statistic Reports/Annual Stats FY 2025-2026/Fulfillment - UCM Check-Out Type","Item Location at Time of Loan",,,"saw:regularColumn","""Item Location at Time of Loan"".""Location Code""""Physical Item Details"".""Item Policy"" LIKE '%quipment%'Equipment""Item Location at Time of Loan"".""Location Code""OUT_RS_REQILL""Item Location at Time of Loan"".""Location Code""couresCourse Reserves""Item Location at Time of Loan"".""Location Code""disgenSvcs DeskspcUNASSIGNEDHoldCheck-OutNew check-out location - needs categorization"
27,251,1,"Fulfillment - UCM User Group",,"/shared/University of California System 01UCS_NETWORK/Reports/Local Requests/Annual Statistic Reports/Annual Stats FY 2025-2026/Fulfillment - UCM User Group","Borrower Details",,,"saw:regularColumn","""Borrower Details"".""User Group""""Borrower Details"".""User Group""UCM FacultyCampus academic""Borrower Details"".""User Group""UCM GraduateCampus graduates""Borrower Details"".""User Group""Library StaffUCM StaffCampus staff""Borrower Details"".""User Group""UCM UndergraduateCampus undergraduates""Borrower Details"".""User Group""UCM AffiliateOther - Campus Other""Borrower Details"".""User Group""CA Community College StudentFee AccountUC Alumni Association MemberCA Public School EmployeeOther - Non-UCs""Borrower Details"".""User Group""NetworkNETWORKIntercampus Loan (Network)""Borrower Details"".""User Group""UCM Interlibrary LoanInterlibrary Loan (ILL)New user group - needs categorization"
28,252,1,"Fulfillment - UCR Check-Out Type",,"/shared/University of California System 01UCS_NETWORK/Reports/Local Requests/Annual Statistic Reports/Annual Stats FY 2025-2026/Fulfillment - UCR Check-Out Type","Item Location at Time of Loan",,,"saw:regularColumn","""Item Location at Time of Loan"".""Location Code""""Physical Item Details"".""Item Policy"" LIKE '%quipment%'EquipmentDESCRIPTOR_IDOF(""Fulfillment"".""Institution"".""Institution Name"") = 4706 AND ""Physical Item Details"".""Item Policy"" LIKE '%eserve%'Course ReservesDESCRIPTOR_IDOF(""Fulfillment"".""Institution"".""Institution Name"") = 4706 AND ""Item Location at Time of Loan"".""Location Name"" LIKE '%eserve%'Course Reserves""Item Location at Time of Loan"".""Location Code""srlfSRLFExclude""Item Location at Time of Loan"".""Location Code""OUT_RS_REQILL""Item Location at Time of Loan"".""Location Code""orbcircorbcmorbneworbpopsciorbreforbstacksorboverwrcaorbshelfnoorbwrcacirccdwrcastacksedcurricedhangingedjuvenileedjuvtinyedmiscedoversizeedtextbookgovcagovpamusgovusrivleisurerivmobyrivcircrivcmrivinfodskrivmedblryrivmediacdrivmedcmflrivmeddvdrivmedrecdrivmedvhsrivmedvdgmrivmfilmrivnewrivrefrivstacksrivflatrivoverrivstyscwrcarivshelfclosesrlfpenrivorbflatwrcacircedjuvbigexhibit1govsmfichesrlfpendwrcamcaseCheck-OutNew check-out location - needs categorization"
29,253,1,"Fulfillment - UCR User Group",,"/shared/University of California System 01UCS_NETWORK/Reports/Local Requests/Annual Statistic Reports/Annual Stats FY 2025-2026/Fulfillment - UCR User Group","Borrower Details",,,"saw:regularColumn","""Borrower Details"".""User Group""""Borrower Details"".""User Group""Emeritus FacultyUCR AcademicUCR Library StaffProxyCampus academic""Borrower Details"".""User Group""UCR GraduateCampus graduates""Borrower Details"".""User Group""Retired StaffUCR StaffInternal Use - Reserves InstructorCampus staff""Borrower Details"".""User Group""Concurrent EnrollmentUCR UndergraduateCampus undergraduates""Borrower Details"".""User Group""UCR AlumniUCR ExtensionCourtesy - UCR Extension InstructorVolunteer Clinical FacultyOther - Campus Other""Borrower Details"".""User Group""Certificated TeachersCommunity Borrowing CardContractual Agreement - RCC HonorsCourtesy - IB ProgramCourtesy - Spouse/Partner/ChildNon-UC Academic - CSUNon-UC Academic - PrivateNon-UC Academic – Community CollegeProfessional Agreement - CARBProfessional Agreement – Mentor ProgramProfessional Agreement – UnpaidContractual Agreement - Loma LindaContractual Agreement - RedlandsContractual Agreement - StanfordCourtesy - Capstone ProgramCourtesy - PE ReporterProfessional Agreement – USDA Fire LabProfessional Agreement – USDA Salinity LabProfessional Agreement – USDI/GSSpecial – Friends of the CampusSpecial – Independent ScholarOther - Non-UCs""Borrower Details"".""User Group""UC AffiliatesUC AlumniOther - Other UCs""Borrower Details"".""User Group""NetworkIntercampus Loan (Network)""Borrower Details"".""User Group""Non-UC ILLUC ILLNon-UC Academic - OCLCInterlibrary Loan (ILL)""Borrower Details"".""User Group""Internal Staff UseExcludeNew user group - needs categorization"
30,254,1,"Fulfillment - UCSB Check-Out Type",,"/shared/University of California System 01UCS_NETWORK/Reports/Local Requests/Annual Statistic Reports/Annual Stats FY 2025-2026/Fulfillment - UCSB Check-Out Type","Item Location at Time of Loan",,,"saw:regularColumn","""Item Location at Time of Loan"".""Location Code""""Item Location at Time of Loan"".""Location Code""NRLFSRLFExclude""Item Location at Time of Loan"".""Library Code"" = 'EQUIP'Equipment""Item Location at Time of Loan"".""Location Code""MAKERSPACEEquipment""Physical Item Details"".""Item Policy"" LIKE '%quipment%'Equipment""Item Location at Time of Loan"".""Location Code""OUT_RS_REQILL""Item Location at Time of Loan"".""Location Code""RBSFCRBSCourse Reserves""Item Location at Time of Loan"".""Location Code""EGANARAECARTSAROVEGASEGBLBROWSINGEGCTNMACSCURCURJMASIANASNOVEGWMMILRFGPCAGPLOGPMEDGPUSGPUSOMAINMEDIAMAMFCMAMFMMUSMUDSKMUCDMULPMUVIDMUFOLMUMNIMUOVEGNAART_TEMPMAOVMARFSELSELOVARSJCSHPR-SELARGNCARGCOEGCTOASNBRGPCENCIRC_UNCATSPECCheck-OutNew check-out location - needs categorization"
31,255,1,"Fulfillment - UCSB User Group",,"/shared/University of California System 01UCS_NETWORK/Reports/Local Requests/Annual Statistic Reports/Annual Stats FY 2025-2026/Fulfillment - UCSB User Group","Borrower Details",,,"saw:regularColumn","""Borrower Details"".""User Group""""Borrower Details"".""User Group""Faculty, AnnualFaculty, QuarterCampus academic""Borrower Details"".""User Group""Student, AnnualStudent, QuarterCampus graduates""Borrower Details"".""User Group""Staff, QuarterCampus staff""Borrower Details"".""User Group""Student, 3 weekCampus undergraduates""Borrower Details"".""User Group""Community, LimitedCourtesy with Journal PrivilegesOther - Non-UCs""Borrower Details"".""User Group""NETWORKNetworkIntercampus Loan (Network)""Borrower Details"".""User Group""DepartmentProxy, AnnualCorporatePremium Community - DO NOT USEExclude""Borrower Details"".""User Group""Exclude""Borrower Details"".""User Group""Courtesy, 3 week with ILLInterlibrary Loan (ILL)""Borrower Details"".""User Group""Courtesy, QuarterOther - Campus OtherNew user group - needs categorization"
32,256,1,"Fulfillment - UCSC Check-Out Type",,"/shared/University of California System 01UCS_NETWORK/Reports/Local Requests/Annual Statistic Reports/Annual Stats FY 2025-2026/Fulfillment - UCSC Check-Out Type","Item Location at Time of Loan",,,"saw:regularColumn","""Item Location at Time of Loan"".""Location Code""""Item Location at Time of Loan"".""Location Code""nrlfNRLFExclude""Item Location at Time of Loan"".""Location Code""mheqpmedequipdsisequpEquipment""Physical Item Details"".""Item Policy"" LIKE '%quipment%'Equipment""Item Location at Time of Loan"".""Location Code""OUT_RS_REQILL""Item Location at Time of Loan"".""Location Code""mhresmedrescresCourse Reserves""Item Location at Time of Loan"".""Location Code""mycurmycovmgcalmgusmprotmrefmrdskmrovrmstaxmstovmformmfgdespcmedccmedmeddoeastsgamescprosreadsstaxsstovmhmedccmhmedCheck-OutNew check-out location - needs categorization"
33,257,1,"Fulfillment - UCSC User Group",,"/shared/University of California System 01UCS_NETWORK/Reports/Local Requests/Annual Statistic Reports/Annual Stats FY 2025-2026/Fulfillment - UCSC User Group","Borrower Details",,,"saw:regularColumn","""Borrower Details"".""User Group""""Borrower Details"".""User Group""FACULTYCampus academic""Borrower Details"".""User Group""GRADUATECampus graduates""Borrower Details"".""User Group""STAFFCampus staff""Borrower Details"".""User Group""UNDERGRADUATECampus undergraduates""Borrower Details"".""User Group""COURTESYOther - Campus Other""Borrower Details"".""User Group""NETWORKNetworkIntercampus Loan (Network)""Borrower Details"".""User Group""ILL LONG-TERM 3Interlibrary Loan (ILL)""Borrower Details"".""User Group""Exclude""Borrower Details"".""User Group""DefaultEXHIBITSILL LONG-TERM 1ILL LONG-TERM 2ILL SHORT-TERM 1ILL SHORT-TERM 2LIBRARY 1 YEARMEDIA IN HOUSEExcludeNew user group - needs categorization"
34,258,1,"Fulfillment - UCSD Check-Out Type",,"/shared/University of California System 01UCS_NETWORK/Reports/Local Requests/Annual Statistic Reports/Annual Stats FY 2025-2026/Fulfillment - UCSD Check-Out Type","Item Location at Time of Loan",,,"saw:regularColumn","""Item Location at Time of Loan"".""Location Code""""Item Location at Time of Loan"".""Location Code""cc_borbotcc_flr2cc_stordeskEquipment""Physical Item Details"".""Item Policy"" LIKE '%quipment%'Equipment""Item Location at Time of Loan"".""Location Code""OUT_CT_REQOUT_RS_REQIN_CT_REQILL""Item Location at Time of Loan"".""Location Code""res_borbotresres_storCourse Reserves""Item Location at Time of Loan"".""Location Code""vid_borbotcc_radbks_fl1bks_fl5bks_fl6bks_fl7bks_fl8calm_cavecc_fl1cc_fl1_ovdoc_cadoc_sddoc_usdoc_us2ea_oveaovx_fl1ovx_fl6gslgis_refgraph_novindexjrnl_fl1bks_popmaps_cabinmeet_spotmicronew_booksov_fl1ov_fl6pop_scirefvideoaudiobksccdissfilmjrnlovCheck-OutNew check-out location - needs categorization"
35,259,1,"Fulfillment - UCSD User Group",,"/shared/University of California System 01UCS_NETWORK/Reports/Local Requests/Annual Statistic Reports/Annual Stats FY 2025-2026/Fulfillment - UCSD User Group","Borrower Details",,,"saw:regularColumn","""Borrower Details"".""User Group""""Borrower Details"".""User Group""Post DocUC AcademicVisiting ScholarCampus academic""Borrower Details"".""User Group""UC Graduate StudentVisiting Graduate StudentCampus graduates""Borrower Details"".""User Group""UC StaffUCSD Library StaffCampus staff""Borrower Details"".""User Group""UC UndergraduateCampus undergraduates""Borrower Details"".""User Group""UCSD Special AffiliateOther - Campus Other""Borrower Details"".""User Group""PublicOther - Non-UCs""Borrower Details"".""User Group""NETWORKNetworkIntercampus Loan (Network)""Borrower Details"".""User Group""Interlibrary LoanInterlibrary Loan - UCInterlibrary Loan (ILL)""Borrower Details"".""User Group""Internal UseExclude""Borrower Details"".""User Group""ExcludeNew user group - needs categorization"
36,260,1,"Fulfillment - UCSF Check-Out Type",,"/shared/University of California System 01UCS_NETWORK/Reports/Local Requests/Annual Statistic Reports/Annual Stats FY 2025-2026/Fulfillment - UCSF Check-Out Type","Item Location at Time of Loan",,,"saw:regularColumn","""Item Location at Time of Loan"".""Location Code""""Physical Item Details"".""Item Policy"" LIKE '%quipment%'Equipment""Item Location at Time of Loan"".""Location Code""OUT_RS_REQILL""Item Location at Time of Loan"".""Location Code""rbrmbrCourse Reserves""Item Location at Time of Loan"".""Location Code""mbccb4thflovrszpspopbtpoprefCheck-Out""Item Location at Time of Loan"".""Location Code""nrlfxExcludeNew check-out location - needs categorization"
37,261,1,"Fulfillment - UCSF User Group",,"/shared/University of California System 01UCS_NETWORK/Reports/Local Requests/Annual Statistic Reports/Annual Stats FY 2025-2026/Fulfillment - UCSF User Group","Borrower Details",,,"saw:regularColumn","""Borrower Details"".""User Group""""Borrower Details"".""User Group""on-campus usersCampus Subtotal""Borrower Details"".""User Group""off-campus users--no reserveOther - Non-UCs""Borrower Details"".""User Group""NetworkNETWORKIntercampus Loan (Network)""Borrower Details"".""User Group""ILLInterlibrary Loan (ILL)""Borrower Details"".""User Group""Library UnitsCampus staffNew user group - needs categorization"
38,262,1,"Physical - Count of Physical Holdings",,"/shared/University of California System 01UCS_NETWORK/Reports/Local Requests/Annual Statistic Reports/Annual Stats FY 2025-2026/Physical - Count of Physical Holdings","Physical Item Details",,,"saw:regularColumn","COUNT(DISTINCT ""Physical Item Details"".""Physical Item Id"")"
39,263,1,"Physical - Count of Physical Titles",,"/shared/University of California System 01UCS_NETWORK/Reports/Local Requests/Annual Statistic Reports/Annual Stats FY 2025-2026/Physical - Count of Physical Titles","Bibliographic Details",,,"saw:regularColumn","COUNT(DISTINCT ""Bibliographic Details"".""MMS ID"")"
40,265,1,"Physical - Holdings Added Year",,"/shared/University of California System 01UCS_NETWORK/Reports/Local Requests/Annual Statistic Reports/Annual Stats FY 2025-2026/Physical - Holdings Added Year","Item Creation Date",,,"saw:regularColumn","""Item Creation Date"".""Item Creation Date""""Item Creation Date"".""Item Creation Date"" BETWEEN date '2025-07-01' AND date '2026-06-30' Holdings Added 2025-26Holdings added previous years"
41,266,1,"Physical - SLF Depositor",,"/shared/University of California System 01UCS_NETWORK/Reports/Local Requests/Annual Statistic Reports/Annual Stats FY 2025-2026/Physical - SLF Depositor","Institution",,,"saw:regularColumn","""Institution"".""Institution Name""DESCRIPTOR_IDOF(""Physical Items"".""Institution"".""Institution Name"") = (6533) AND ""Location"".""Library Code"" = 'SRLF' AND ""Physical Item Details"".""Statistics Note 1"" IN ('*UCB Library')UCBDESCRIPTOR_IDOF(""Physical Items"".""Institution"".""Institution Name"") = (6532) AND ""Location"".""Library Code"" = 'NRLF' AND ""Location"".""Location Code"" LIKE ('nb%')UCBDESCRIPTOR_IDOF(""Physical Items"".""Institution"".""Institution Name"") = (6532) AND ""Location"".""Library Code"" = 'NRLF' AND ""Physical Item Details"".""Retention Note"" LIKE '%CUY%'UCBDESCRIPTOR_IDOF(""Physical Items"".""Institution"".""Institution Name"") = (6532) AND ""Location"".""Library Code"" = 'NRLF' AND ""Physical Item Details"".""Retention Note"" LIKE '%CBG%'UCBDESCRIPTOR_IDOF(""Physical Items"".""Institution"".""Institution Name"") = (6532) AND ""Location"".""Library Code"" = 'NRLF' AND ""Physical Item Details"".""Retention Note"" LIKE '%BOL%'UCBDESCRIPTOR_IDOF(""Physical Items"".""Institution"".""Institution Name"") = (6533) AND ""Location"".""Library Code"" = 'SRLF' AND ""Physical Item Details"".""Statistics Note 1"" IN ('*UCD Library')UCDDESCRIPTOR_IDOF(""Physical Items"".""Institution"".""Institution Name"") = (6532) AND ""Location"".""Library Code"" = 'NRLF' AND ""Location"".""Location Code"" LIKE ('nd%')UCDDESCRIPTOR_IDOF(""Physical Items"".""Institution"".""Institution Name"") = (6532) AND ""Location"".""Library Code"" = 'NRLF' AND ""Physical Item Details"".""Retention Note"" LIKE '%CUV%'UCDDESCRIPTOR_IDOF(""Physical Items"".""Institution"".""Institution Name"") = (6532) AND ""Location"".""Library Code"" = 'NRLF' AND ""Physical Item Details"".""Retention Note"" LIKE '%CUX%'UCDDESCRIPTOR_IDOF(""Physical Items"".""Institution"".""Institution Name"") = (6532) AND ""Location"".""Library Code"" = 'NRLF' AND ""Physical Item Details"".""Retention Note"" LIKE '%UCDLL%'UCDDESCRIPTOR_IDOF(""Physical Items"".""Institution"".""Institution Name"") = (6533) AND ""Location"".""Library Code"" = 'SRLF' AND ""Physical Item Details"".""Statistics Note 1"" IN ('*UCI Library','*UCI Spec Coll')UCIDESCRIPTOR_IDOF(""Physical Items"".""Institution"".""Institution Name"") = (6532) AND ""Location"".""Library Code"" = 'NRLF' AND ""Location"".""Location Code"" LIKE ('ni%')UCIDESCRIPTOR_IDOF(""Physical Items"".""Institution"".""Institution Name"") = (6532) AND ""Location"".""Library Code"" = 'NRLF' AND ""Physical Item Details"".""Retention Note"" LIKE '%CUI%'UCIDESCRIPTOR_IDOF(""Physical Items"".""Institution"".""Institution Name"") = (6533) AND ""Location"".""Library Code"" = 'SRLF' AND ""Physical Item Details"".""Statistics Note 1"" IN ('*AAS Center', '*AIS Center','*Art Belt Library','*Arts Library','*Arts Library Cage','*Arts Spec Coll','*Biomed Library','*Biomed Spec Coll','*Chemistry Library','*Clark Library','*College Library','*CSRC Library','*DLIS Lab','*East Asian Library','*EMS Library','*EMS Spec Coll','*ERR Library','*ERR Spec Coll','*Ethnomusicology Archive','*Geology Library','*Geology Spec Coll','*Law Library','*Law Spec Coll','*Media Laboratory','*Media Library','*MGI Closed Stacks','*Mgmt Library','*Mgmt Spec Coll','*Music Library','*Music Spec Coll','*Powell Library','*UES Reading Room','*University Archives','*YRL Map Closed Stacks','*YRL Microforms','*YRL NonCirc','*YRL Reference','*YRL Spec Coll','*YRL Stacks','*CAS Spec Coll')UCLADESCRIPTOR_IDOF(""Physical Items"".""Institution"".""Institution Name"") = (6532) AND ""Location"".""Library Code"" = 'NRLF' AND ""Location"".""Location Code"" LIKE ('nl%')UCLADESCRIPTOR_IDOF(""Physical Items"".""Institution"".""Institution Name"") = (6532) AND ""Location"".""Library Code"" = 'NRLF' AND ""Physical Item Details"".""Retention Note"" LIKE '%CLU%'UCLADESCRIPTOR_IDOF(""Physical Items"".""Institution"".""Institution Name"") = (6533) AND ""Location"".""Library Code"" = 'SRLF' AND ""Physical Item Details"".""Statistics Note 1"" IN ('*UCM Spec Coll')UCMDESCRIPTOR_IDOF(""Physical Items"".""Institution"".""Institution Name"") = (6533) AND ""Location"".""Library Code"" = 'SRLF' AND ""Physical Item Details"".""Statistics Note 1"" IN ('*UCR Library', '*UCR Spec Coll')UCRDESCRIPTOR_IDOF(""Physical Items"".""Institution"".""Institution Name"") = (6532) AND ""Location"".""Library Code"" = 'NRLF' AND ""Location"".""Location Code"" LIKE ('nr%')UCRDESCRIPTOR_IDOF(""Physical Items"".""Institution"".""Institution Name"") = (6532) AND ""Location"".""Library Code"" = 'NRLF' AND ""Physical Item Details"".""Retention Note"" LIKE '%CRU%'UCRDESCRIPTOR_IDOF(""Physical Items"".""Institution"".""Institution Name"") = (6533) AND ""Location"".""Library Code"" = 'SRLF' AND ""Physical Item Details"".""Statistics Note 1"" IN ('*UCSB Library', '*UCSB Spec Coll')UCSBDESCRIPTOR_IDOF(""Physical Items"".""Institution"".""Institution Name"") = (6532) AND ""Location"".""Library Code"" = 'NRLF' AND ""Location"".""Location Code"" LIKE ('ns%')UCSBDESCRIPTOR_IDOF(""Physical Items"".""Institution"".""Institution Name"") = (6532) AND ""Location"".""Library Code"" = 'NRLF' AND ""Physical Item Details"".""Retention Note"" LIKE '%CUT%'UCSBDESCRIPTOR_IDOF(""Physical Items"".""Institution"".""Institution Name"") = (6533) AND ""Location"".""Library Code"" = 'SRLF' AND ""Physical Item Details"".""Statistics Note 1"" IN ('*UCSC Library')UCSCDESCRIPTOR_IDOF(""Physical Items"".""Institution"".""Institution Name"") = (6532) AND ""Location"".""Library Code"" = 'NRLF' AND ""Location"".""Location Code"" LIKE ('nc%')UCSCDESCRIPTOR_IDOF(""Physical Items"".""Institution"".""Institution Name"") = (6532) AND ""Location"".""Library Code"" = 'NRLF' AND ""Physical Item Details"".""Retention Note"" LIKE '%CUZ%'UCSCDESCRIPTOR_IDOF(""Physical Items"".""Institution"".""Institution Name"") = (6533) AND ""Location"".""Library Code"" = 'SRLF' AND ""Physical Item Details"".""Statistics Note 1"" IN ('*UCSD Scripps','*UCSD Library','*UCSD Spec Coll')UCSDDESCRIPTOR_IDOF(""Physical Items"".""Institution"".""Institution Name"") = (6532) AND ""Location"".""Library Code"" = 'NRLF' AND ""Location"".""Location Code"" LIKE ('ng%')UCSDDESCRIPTOR_IDOF(""Physical Items"".""Institution"".""Institution Name"") = (6532) AND ""Location"".""Library Code"" = 'NRLF' AND ""Physical Item Details"".""Retention Note"" LIKE '%CUS%'UCSDDESCRIPTOR_IDOF(""Physical Items"".""Institution"".""Institution Name"") = (6533) AND ""Location"".""Library Code"" = 'SRLF' AND ""Physical Item Details"".""Statistics Note 1"" IN ('*UCSF Library')UCSFDESCRIPTOR_IDOF(""Physical Items"".""Institution"".""Institution Name"") = (6532) AND ""Location"".""Library Code"" = 'NRLF' AND ""Location"".""Location Code"" LIKE ('nf%')UCSFDESCRIPTOR_IDOF(""Physical Items"".""Institution"".""Institution Name"") = (6532) AND ""Location"".""Library Code"" = 'NRLF' AND ""Physical Item Details"".""Retention Note"" LIKE '%CUN%'UCSFw/o campus designator"
42,269,1,"Physical - Systemwide Library Facility",,"/shared/University of California System 01UCS_NETWORK/Reports/Local Requests/Annual Statistic Reports/Annual Stats FY 2025-2026/Physical - Systemwide Library Facility","Institution",,,"saw:regularColumn","""Institution"".""Institution Name""""Institution"".""Institution Name""6532SLF-N""Institution"".""Institution Name""6533SLF-SNot SLF"
43,270,1,"Physical - UCB Library Stats Category",,"/shared/University of California System 01UCS_NETWORK/Reports/Local Requests/Annual Statistic Reports/Annual Stats FY 2025-2026/Physical - UCB Library Stats Category","Location",,,"saw:regularColumn","""Location"".""Library Code""DESCRIPTOR_IDOF(""Physical Items"".""Institution"".""Institution Name"") = (6532) AND ""Location"".""Library Code"" IN ('ANTH', 'ILL')ExcludeDESCRIPTOR_IDOF(""Physical Items"".""Institution"".""Institution Name"") = (6532) AND ""Location"".""Library Code"" = 'BANC'Special (ARL only)DESCRIPTOR_IDOF(""Physical Items"".""Institution"".""Institution Name"") = (6532) AND ""Location"".""Library Code"" = 'NRLF' AND ""Location"".""Location Code"" LIKE ('nbt%r')Special (ARL only)DESCRIPTOR_IDOF(""Physical Items"".""Institution"".""Institution Name"") = (6532) AND ""Location"".""Library Code"" = 'NRLF' AND ""Location"".""Location Code"" LIKE ('nbl%')LawDESCRIPTOR_IDOF(""Physical Items"".""Institution"".""Institution Name"") = (6532) AND ""Location"".""Library Code"" IN ('BAMPFA', 'EDA', 'ESL', 'IGSL', 'ITSL')AffiliatesDESCRIPTOR_IDOF(""Physical Items"".""Institution"".""Institution Name"") = (6532) AND ""Location"".""Library Code"" = 'NRLF' AND ""Location"".""Location Code"" IN ('nbavr','nbcer','nbig','nbigr','nbit','nbitr','nbqar','nbqcr','nbqer','nbqnr')AffiliatesDESCRIPTOR_IDOF(""Physical Items"".""Institution"".""Institution Name"") = (6532) AND ""Location"".""Library Code"" = 'NRLF' AND ""Location"".""Location Code"" LIKE ('nb%')GeneralDESCRIPTOR_IDOF(""Physical Items"".""Institution"".""Institution Name"") = (6532) AND ""Location"".""Library Code"" = 'NRLF' AND ""Location"".""Location Code"" LIKE ('nu%')GeneralDESCRIPTOR_IDOF(""Physical Items"".""Institution"".""Institution Name"") = (6533) AND ""Location"".""Library Code"" = 'SRLF' AND ""Physical Item Details"".""Statistics Note 1"" = '*UCB Library'GeneralDESCRIPTOR_IDOF(""Physical Items"".""Institution"".""Institution Name"") = (6532) AND ""Location"".""Library Code"" IN ('AHC', 'BIOS', 'BUSI', 'CHEM', 'EAL', 'EART', 'ENGI', 'ENVI', 'GRAD', 'LBNL', 'MAIN', 'MATH', 'MOFF', 'MORR', 'MRC', 'MUSI', 'NEWS', 'PHYS', 'SOCR', 'SSEA')GeneralDESCRIPTOR_IDOF(""Physical Items"".""Institution"".""Institution Name"") = (6532) AND ""Location"".""Library Code"" = 'NRLF'GeneralDESCRIPTOR_IDOF(""Physical Items"".""Institution"".""Institution Name"") = (6532) AND ""Location"".""Library Code"" IN ('RES_SHARE')GeneralNew library - needs categorization"
44,273,1,"Physical - UCB SLF/Campus designator",,"/shared/University of California System 01UCS_NETWORK/Reports/Local Requests/Annual Statistic Reports/Annual Stats FY 2025-2026/Physical - UCB SLF/Campus designator","Institution",,,"saw:regularColumn","""Institution"".""Institution Name""DESCRIPTOR_IDOF(""Physical Items"".""Institution"".""Institution Name"") = (6533) AND ""Location"".""Library Code"" = 'SRLF' AND ""Physical Item Details"".""Statistics Note 1"" IN ('*UCB Library')SLF-SDESCRIPTOR_IDOF(""Physical Items"".""Institution"".""Institution Name"") = (6532) AND ""Location"".""Library Code"" = 'NRLF' AND ""Location"".""Location Code"" LIKE ('nb%')SLF-NDESCRIPTOR_IDOF(""Physical Items"".""Institution"".""Institution Name"") = (6532) AND ""Location"".""Library Code"" = 'NRLF' AND ""Physical Item Details"".""Retention Note"" LIKE '%CUY%'SLF-NDESCRIPTOR_IDOF(""Physical Items"".""Institution"".""Institution Name"") = (6532) AND ""Location"".""Library Code"" = 'NRLF' AND ""Physical Item Details"".""Retention Note"" LIKE '%CBG%'SLF-NDESCRIPTOR_IDOF(""Physical Items"".""Institution"".""Institution Name"") = (6532) AND ""Location"".""Library Code"" = 'NRLF' AND ""Physical Item Details"".""Retention Note"" LIKE '%BOL%'SLF-NDESCRIPTOR_IDOF(""Physical Items"".""Institution"".""Institution Name"") = (6532) AND ""Location"".""Library Code"" = 'NRLF'Other SLF-N depositorsDESCRIPTOR_IDOF(""Physical Items"".""Institution"".""Institution Name"") = 6532UCBOther campuses"
45,274,1,"Physical - UCD Library Stats Category",,"/shared/University of California System 01UCS_NETWORK/Reports/Local Requests/Annual Statistic Reports/Annual Stats FY 2025-2026/Physical - UCD Library Stats Category","Location",,,"saw:regularColumn","""Location"".""Library Code""DESCRIPTOR_IDOF(""Physical Items"".""Institution"".""Institution Name"") = (3126) AND ""Location"".""Library Code"" IN ('NRLF', 'SRLF')ExcludeDESCRIPTOR_IDOF(""Physical Items"".""Institution"".""Institution Name"") = (6532) AND ""Location"".""Library Code"" = 'NRLF' AND ""Location"".""Location Code"" IN ('ndhe', 'ndme')Health ScienceDESCRIPTOR_IDOF(""Physical Items"".""Institution"".""Institution Name"") = (3126) AND ""Location"".""Library Code"" IN ('MCL')Health ScienceDESCRIPTOR_IDOF(""Physical Items"".""Institution"".""Institution Name"") = (6532) AND ""Location"".""Library Code"" = 'NRLF' AND ""Location"".""Location Code"" IN ('ndla')LawDESCRIPTOR_IDOF(""Physical Items"".""Institution"".""Institution Name"") = (3126) AND ""Location"".""Library Code"" IN ('LAW')LawDESCRIPTOR_IDOF(""Physical Items"".""Institution"".""Institution Name"") = (6532) AND ""Location"".""Library Code"" = 'NRLF' AND ""Location"".""Location Code"" IN ('ndag','nddo','ndph','ndsh','ndphr','ndcor','ndspr')GeneralDESCRIPTOR_IDOF(""Physical Items"".""Institution"".""Institution Name"") = (6532) AND ""Location"".""Library Code"" = 'NRLF' AND ""Location"".""Location Code"" LIKE ('nu%')GeneralDESCRIPTOR_IDOF(""Physical Items"".""Institution"".""Institution Name"") = (6533) AND ""Location"".""Library Code"" = 'SRLF' AND ""Physical Item Details"".""Statistics Note 1"" = ('*UCD Library')GeneralDESCRIPTOR_IDOF(""Physical Items"".""Institution"".""Institution Name"") = (3126) AND ""Location"".""Library Code"" IN ('SHLDS','SSPEC','HSL','ELECT')GeneralDESCRIPTOR_IDOF(""Physical Items"".""Institution"".""Institution Name"") = (3126) AND ""Location"".""Library Code"" IN ('RES_SHARE', 'ILLS')GeneralNew library - needs categorization"
46,276,1,"Physical - UCD SLF/campus designator",,"/shared/University of California System 01UCS_NETWORK/Reports/Local Requests/Annual Statistic Reports/Annual Stats FY 2025-2026/Physical - UCD SLF/campus designator","Institution",,,"saw:regularColumn","""Institution"".""Institution Name""DESCRIPTOR_IDOF(""Physical Items"".""Institution"".""Institution Name"") = (6533) AND ""Location"".""Library Code"" = 'SRLF' AND ""Physical Item Details"".""Statistics Note 1"" IN ('*UCD Library')SLF-SDESCRIPTOR_IDOF(""Physical Items"".""Institution"".""Institution Name"") = (6532) AND ""Location"".""Library Code"" = 'NRLF' AND ""Location"".""Location Code"" LIKE ('nd%')SLF-NDESCRIPTOR_IDOF(""Physical Items"".""Institution"".""Institution Name"") = (6532) AND ""Location"".""Library Code"" = 'NRLF' AND ""Physical Item Details"".""Retention Note"" LIKE '%CUV%'SLF-NDESCRIPTOR_IDOF(""Physical Items"".""Institution"".""Institution Name"") = (6532) AND ""Location"".""Library Code"" = 'NRLF' AND ""Physical Item Details"".""Retention Note"" LIKE '%CUX%'SLF-NDESCRIPTOR_IDOF(""Physical Items"".""Institution"".""Institution Name"") = (6532) AND ""Location"".""Library Code"" = 'NRLF' AND ""Physical Item Details"".""Retention Note"" LIKE '%UCDLL%'SLF-NDESCRIPTOR_IDOF(""Physical Items"".""Institution"".""Institution Name"") = 3126UCDOther campuses"
47,277,1,"Physical - UCI Library Stats Category",,"/shared/University of California System 01UCS_NETWORK/Reports/Local Requests/Annual Statistic Reports/Annual Stats FY 2025-2026/Physical - UCI Library Stats Category","Location",,,"saw:regularColumn","""Location"".""Library Code""DESCRIPTOR_IDOF(""Physical Items"".""Institution"".""Institution Name"") = (4701) AND ""Location"".""Library Code"" IN ('GRUNIGEN')Health ScienceDESCRIPTOR_IDOF(""Physical Items"".""Institution"".""Institution Name"") = (4701) AND ""Location"".""Library Code"" IN ('LAW')LawDESCRIPTOR_IDOF(""Physical Items"".""Institution"".""Institution Name"") = (6532) AND ""Location"".""Library Code"" = 'NRLF' AND ""Location"".""Location Code"" LIKE ('ni%')GeneralDESCRIPTOR_IDOF(""Physical Items"".""Institution"".""Institution Name"") = (6532) AND ""Location"".""Library Code"" = 'NRLF' AND ""Location"".""Location Code"" LIKE ('nu%')GeneralDESCRIPTOR_IDOF(""Physical Items"".""Institution"".""Institution Name"") = (6533) AND ""Location"".""Library Code"" = 'SRLF' AND ""Physical Item Details"".""Statistics Note 1"" IN ('*UCI Library','*UCI Spec Coll')GeneralDESCRIPTOR_IDOF(""Physical Items"".""Institution"".""Institution Name"") = (4701) AND ""Location"".""Library Code"" IN ('CTSOTAMC','LANGSON','MRC','SCIENCE')GeneralDESCRIPTOR_IDOF(""Physical Items"".""Institution"".""Institution Name"") = (4701) AND ""Location"".""Library Code"" IN ('RES_SHARE')GeneralNew library - needs categorization"
48,280,1,"Physical - UCI SLF/campus designator",,"/shared/University of California System 01UCS_NETWORK/Reports/Local Requests/Annual Statistic Reports/Annual Stats FY 2025-2026/Physical - UCI SLF/campus designator","Institution",,,"saw:regularColumn","""Institution"".""Institution Name""DESCRIPTOR_IDOF(""Physical Items"".""Institution"".""Institution Name"") = (6533) AND ""Location"".""Library Code"" = 'SRLF' AND ""Physical Item Details"".""Statistics Note 1"" IN ('*UCI Library','*UCI Spec Coll')SLF-SDESCRIPTOR_IDOF(""Physical Items"".""Institution"".""Institution Name"") = (6532) AND ""Location"".""Library Code"" = 'NRLF' AND ""Location"".""Location Code"" LIKE ('ni%')SLF-NDESCRIPTOR_IDOF(""Physical Items"".""Institution"".""Institution Name"") = (6532) AND ""Location"".""Library Code"" = 'NRLF' AND ""Physical Item Details"".""Retention Note"" LIKE '%CUI%'SLF-NDESCRIPTOR_IDOF(""Physical Items"".""Institution"".""Institution Name"") = 4701UCIOther campuses"
49,281,1,"Physical - UCLA Library Stats Category",,"/shared/University of California System 01UCS_NETWORK/Reports/Local Requests/Annual Statistic Reports/Annual Stats FY 2025-2026/Physical - UCLA Library Stats Category","Location",,,"saw:regularColumn","""Location"".""Library Code""DESCRIPTOR_IDOF(""Physical Items"".""Institution"".""Institution Name"") = (6533) AND ""Location"".""Library Code"" = 'SRLF' AND ""Physical Item Details"".""Statistics Note 1"" = ('*Biomed Library')Health ScienceDESCRIPTOR_IDOF(""Physical Items"".""Institution"".""Institution Name"") = (6533) AND ""Location"".""Library Code"" IN ('BIOMED')Health ScienceDESCRIPTOR_IDOF(""Physical Items"".""Institution"".""Institution Name"") = (6533) AND ""Location"".""Library Code"" = 'SRLF' AND ""Physical Item Details"".""Statistics Note 1"" IN ('*Law Library','*Law Spec Coll')LawDESCRIPTOR_IDOF(""Physical Items"".""Institution"".""Institution Name"") = (6533) AND ""Location"".""Library Code"" IN ('LAW')LawDESCRIPTOR_IDOF(""Physical Items"".""Institution"".""Institution Name"") = (6533) AND ""Location"".""Library Code"" = 'SRLF' AND ""Physical Item Details"".""Statistics Note 1"" IN ('*AAS Center', '*AIS Center','*Clark Library','*CSRC Library','*DLIS Lab','*ERR Library','*ERR Spec Coll','*Ethnomusicology Archive','*Media Laboratory','*Media Library','*UES Reading Room')AffiliatesDESCRIPTOR_IDOF(""Physical Items"".""Institution"".""Institution Name"") = (6533) AND ""Location"".""Library Code"" IN ('AISC', 'AASC', 'BUNCHE', 'CSRC', 'CLARK','ERR','ETHNOMUS','HERB','ISLAB','IML','LABS')AffiliatesDESCRIPTOR_IDOF(""Physical Items"".""Institution"".""Institution Name"") = (6532) AND ""Location"".""Library Code"" = 'NRLF' AND ""Location"".""Location Code"" LIKE ('nl%')GeneralDESCRIPTOR_IDOF(""Physical Items"".""Institution"".""Institution Name"") = (6532) AND ""Location"".""Library Code"" = 'NRLF' AND ""Location"".""Location Code"" LIKE ('nu%')GeneralDESCRIPTOR_IDOF(""Physical Items"".""Institution"".""Institution Name"") = (6533) AND ""Location"".""Library Code"" = 'SRLF' AND ""Physical Item Details"".""Statistics Note 1"" IN ('*Art Belt Library','*Arts Library','*Arts Library Cage','*Arts Spec Coll','*Biomed Spec Coll','*Chemistry Library','*College Library','*East Asian Library','*EMS Library','*EMS Spec Coll','*Geology Library','*Geology Spec Coll','*MGI Closed Stacks','*Mgmt Library','*Mgmt Spec Coll','*Music Library','*Music Spec Coll','*Powell Library','*University Archives','*YRL Map Closed Stacks','*YRL Microforms','*YRL NonCirc','*YRL Reference','*YRL Spec Coll','*YRL Stacks')GeneralDESCRIPTOR_IDOF(""Physical Items"".""Institution"".""Institution Name"") = (6533) AND ""Location"".""Library Code"" IN ('ARTS','EAL','LSC','MANAGEMENT','MUSIC','POWELL','SEL_EMS','SEL_GEO','FTVA','YRL')GeneralDESCRIPTOR_IDOF(""Physical Items"".""Institution"".""Institution Name"") = (6533) AND ""Location"".""Library Code"" IN ('CLICC_LOCKER','CLICC_LOCKER_YRL','CLICC','RES_SHARE')GeneralDESCRIPTOR_IDOF(""Physical Items"".""Institution"".""Institution Name"") = (6533) AND ""Location"".""Library Code"" = 'SRLF'GeneralNew library - needs categorization"
50,284,1,"Physical - UCLA SLF/campus designator",,"/shared/University of California System 01UCS_NETWORK/Reports/Local Requests/Annual Statistic Reports/Annual Stats FY 2025-2026/Physical - UCLA SLF/campus designator","Institution",,,"saw:regularColumn","""Institution"".""Institution Name""DESCRIPTOR_IDOF(""Physical Items"".""Institution"".""Institution Name"") = (6533) AND ""Location"".""Library Code"" = 'SRLF' AND ""Physical Item Details"".""Statistics Note 1"" IN ('*AAS Center', '*AIS Center','*Art Belt Library','*Arts Library','*Arts Library Cage','*Arts Spec Coll','*Biomed Library','*Biomed Spec Coll','*Chemistry Library','*Clark Library','*College Library','*CSRC Library','*DLIS Lab','*East Asian Library','*EMS Library','*EMS Spec Coll','*ERR Library','*ERR Spec Coll','*Ethnomusicology Archive','*Geology Library','*Geology Spec Coll','*Law Library','*Law Spec Coll','*Media Laboratory','*Media Library','*MGI Closed Stacks','*Mgmt Library','*Mgmt Spec Coll','*Music Library','*Music Spec Coll','*Powell Library','*UES Reading Room','*University Archives','*YRL Map Closed Stacks','*YRL Microforms','*YRL NonCirc','*YRL Reference','*YRL Spec Coll','*YRL Stacks','*CAS Spec Coll')SLF-SDESCRIPTOR_IDOF(""Physical Items"".""Institution"".""Institution Name"") = (6532) AND ""Location"".""Library Code"" = 'NRLF' AND ""Location"".""Location Code"" LIKE ('nl%')SLF-NDESCRIPTOR_IDOF(""Physical Items"".""Institution"".""Institution Name"") = (6532) AND ""Location"".""Library Code"" = 'NRLF' AND ""Physical Item Details"".""Retention Note"" LIKE '%CLU%'SLF-NDESCRIPTOR_IDOF(""Physical Items"".""Institution"".""Institution Name"") = (6533) AND ""Location"".""Library Code"" = 'SRLF'Other SLF-S DepositorsDESCRIPTOR_IDOF(""Physical Items"".""Institution"".""Institution Name"") = 6533UCLAOther campuses"
51,285,1,"Physical - UCM Library Stats Category",,"/shared/University of California System 01UCS_NETWORK/Reports/Local Requests/Annual Statistic Reports/Annual Stats FY 2025-2026/Physical - UCM Library Stats Category","Location",,,"saw:regularColumn","""Location"".""Location Code""DESCRIPTOR_IDOF(""Physical Items"".""Institution"".""Institution Name"") = (6532) AND ""Location"".""Library Code"" = 'NRLF' AND ""Location"".""Location Code"" LIKE ('nu%')GeneralDESCRIPTOR_IDOF(""Physical Items"".""Institution"".""Institution Name"") = (6533) AND ""Location"".""Library Code"" = 'SRLF' AND ""Physical Item Details"".""Statistics Note 1"" = ('*UCM Spec Coll')GeneralDESCRIPTOR_IDOF(""Physical Items"".""Institution"".""Institution Name"") = (6534) AND ""Location"".""Library Code"" IN ('KOLL')GeneralDESCRIPTOR_IDOF(""Physical Items"".""Institution"".""Institution Name"") = (6534) AND ""Location"".""Library Code"" IN ('RES_SHARE')GeneralNew library - needs categorization"
52,286,1,"Physical - UCM SLF/campus designator",,"/shared/University of California System 01UCS_NETWORK/Reports/Local Requests/Annual Statistic Reports/Annual Stats FY 2025-2026/Physical - UCM SLF/campus designator","Institution",,,"saw:regularColumn","""Institution"".""Institution Name""DESCRIPTOR_IDOF(""Physical Items"".""Institution"".""Institution Name"") = (6533) AND ""Location"".""Library Code"" = 'SRLF' AND ""Physical Item Details"".""Statistics Note 1"" IN ('*UCM Spec Coll')SLF-SDESCRIPTOR_IDOF(""Physical Items"".""Institution"".""Institution Name"") = 6534UCMOther campuses"
53,287,1,"Physical - UCR Library Stats Category",,"/shared/University of California System 01UCS_NETWORK/Reports/Local Requests/Annual Statistic Reports/Annual Stats FY 2025-2026/Physical - UCR Library Stats Category","Location",,,"saw:regularColumn","""Location"".""Library Code""DESCRIPTOR_IDOF(""Physical Items"".""Institution"".""Institution Name"") = (6533) AND ""Location"".""Library Code"" = 'SRLF' AND ""Physical Item Details"".""Statistics Note 1"" = ('*UCR Spec Coll')Special (ARL only)DESCRIPTOR_IDOF(""Physical Items"".""Institution"".""Institution Name"") = (4706) AND ""Location"".""Library Code"" = ('SPECIALCOL')Special (ARL only)DESCRIPTOR_IDOF(""Physical Items"".""Institution"".""Institution Name"") = (6532) AND ""Location"".""Library Code"" = 'NRLF' AND ""Location"".""Location Code"" LIKE ('nr%')GeneralDESCRIPTOR_IDOF(""Physical Items"".""Institution"".""Institution Name"") = (6532) AND ""Location"".""Library Code"" = 'NRLF' AND ""Location"".""Location Code"" LIKE ('nu%')GeneralDESCRIPTOR_IDOF(""Physical Items"".""Institution"".""Institution Name"") = (6533) AND ""Location"".""Library Code"" = 'SRLF' AND ""Physical Item Details"".""Statistics Note 1"" = ('*UCR Library')GeneralDESCRIPTOR_IDOF(""Physical Items"".""Institution"".""Institution Name"") = (4706) AND ""Location"".""Library Code"" IN ('ORBACH', 'RIVERA')GeneralDESCRIPTOR_IDOF(""Physical Items"".""Institution"".""Institution Name"") = (4706) AND ""Location"".""Library Code"" IN ('RES_SHARE')GeneralNew library - needs categorization"
54,290,1,"Physical - UCR SLF/campus designator",,"/shared/University of California System 01UCS_NETWORK/Reports/Local Requests/Annual Statistic Reports/Annual Stats FY 2025-2026/Physical - UCR SLF/campus designator","Institution",,,"saw:regularColumn","""Institution"".""Institution Name""DESCRIPTOR_IDOF(""Physical Items"".""Institution"".""Institution Name"") = (6533) AND ""Location"".""Library Code"" = 'SRLF' AND ""Physical Item Details"".""Statistics Note 1"" IN ('*UCR Library', '*UCR Spec Coll')SLF-SDESCRIPTOR_IDOF(""Physical Items"".""Institution"".""Institution Name"") = (6532) AND ""Location"".""Library Code"" = 'NRLF' AND ""Location"".""Location Code"" LIKE ('nr%')SLF-NDESCRIPTOR_IDOF(""Physical Items"".""Institution"".""Institution Name"") = (6532) AND ""Location"".""Library Code"" = 'NRLF' AND ""Physical Item Details"".""Retention Note"" LIKE '%CRU%'SLF-NDESCRIPTOR_IDOF(""Physical Items"".""Institution"".""Institution Name"") = 4706UCROther campuses"
55,291,1,"Physical - UCSB Library Stats Category",,"/shared/University of California System 01UCS_NETWORK/Reports/Local Requests/Annual Statistic Reports/Annual Stats FY 2025-2026/Physical - UCSB Library Stats Category","Location",,,"saw:regularColumn","""Location"".""Library Code""DESCRIPTOR_IDOF(""Physical Items"".""Institution"".""Institution Name"") = (6532) AND ""Location"".""Library Code"" = 'NRLF' AND ""Location"".""Location Code"" LIKE ('ns%')GeneralDESCRIPTOR_IDOF(""Physical Items"".""Institution"".""Institution Name"") = (6532) AND ""Location"".""Library Code"" = 'NRLF' AND ""Location"".""Location Code"" LIKE ('nu%')GeneralDESCRIPTOR_IDOF(""Physical Items"".""Institution"".""Institution Name"") = (6533) AND ""Location"".""Library Code"" = 'SRLF' AND ""Physical Item Details"".""Statistics Note 1"" IN ('*UCSB Library', '*UCSB Spec Coll')GeneralDESCRIPTOR_IDOF(""Physical Items"".""Institution"".""Institution Name"") = (3776) AND ""Location"".""Library Code"" IN ('RBS','MAIN')GeneralDESCRIPTOR_IDOF(""Physical Items"".""Institution"".""Institution Name"") = (3776) AND ""Location"".""Library Code"" IN ('MAKERSPACE','RES_SHARE')GeneralDESCRIPTOR_IDOF(""Physical Items"".""Institution"".""Institution Name"") = (3776) AND ""Location"".""Library Code"" IN ('EQUIP')ExcludeNew library - needs categorization"
56,293,1,"Physical - UCSB SLF/campus designator",,"/shared/University of California System 01UCS_NETWORK/Reports/Local Requests/Annual Statistic Reports/Annual Stats FY 2025-2026/Physical - UCSB SLF/campus designator","Institution",,,"saw:regularColumn","""Institution"".""Institution Name""DESCRIPTOR_IDOF(""Physical Items"".""Institution"".""Institution Name"") = (6533) AND ""Location"".""Library Code"" = 'SRLF' AND ""Physical Item Details"".""Statistics Note 1"" IN ('*UCSB Library', '*UCSB Spec Coll')SLF-SDESCRIPTOR_IDOF(""Physical Items"".""Institution"".""Institution Name"") = (6532) AND ""Location"".""Library Code"" = 'NRLF' AND ""Location"".""Location Code"" LIKE ('ns%')SLF-NDESCRIPTOR_IDOF(""Physical Items"".""Institution"".""Institution Name"") = (6532) AND ""Location"".""Library Code"" = 'NRLF' AND ""Physical Item Details"".""Retention Note"" LIKE '%CUT%'SLF-NDESCRIPTOR_IDOF(""Physical Items"".""Institution"".""Institution Name"") = 3776UCSBOther campuses"
57,294,1,"Physical - UCSC Library Stats Category",,"/shared/University of California System 01UCS_NETWORK/Reports/Local Requests/Annual Statistic Reports/Annual Stats FY 2025-2026/Physical - UCSC Library Stats Category","Location",,,"saw:regularColumn","""Location"".""Library Code""DESCRIPTOR_IDOF(""Physical Items"".""Institution"".""Institution Name"") = (6532) AND ""Location"".""Library Code"" = 'NRLF' AND ""Location"".""Location Code"" LIKE ('nc%')GeneralDESCRIPTOR_IDOF(""Physical Items"".""Institution"".""Institution Name"") = (6532) AND ""Location"".""Library Code"" = 'NRLF' AND ""Location"".""Location Code"" LIKE ('nu%')GeneralDESCRIPTOR_IDOF(""Physical Items"".""Institution"".""Institution Name"") = (6533) AND ""Location"".""Library Code"" = 'SRLF' AND ""Physical Item Details"".""Statistics Note 1"" = ('*UCSC Library')GeneralDESCRIPTOR_IDOF(""Physical Items"".""Institution"".""Institution Name"") = (4876) AND ""Location"".""Library Code"" IN ('MCH','DSC','SE')GeneralDESCRIPTOR_IDOF(""Physical Items"".""Institution"".""Institution Name"") = (4876) AND ""Location"".""Library Code"" IN ('RES_SHARE')GeneralNew library - needs categorization"
58,297,1,"Physical - UCSC SLF/campus designator",,"/shared/University of California System 01UCS_NETWORK/Reports/Local Requests/Annual Statistic Reports/Annual Stats FY 2025-2026/Physical - UCSC SLF/campus designator","Institution",,,"saw:regularColumn","""Institution"".""Institution Name""DESCRIPTOR_IDOF(""Physical Items"".""Institution"".""Institution Name"") = (6533) AND ""Location"".""Library Code"" = 'SRLF' AND ""Physical Item Details"".""Statistics Note 1"" IN ('*UCSC Library')SLF-SDESCRIPTOR_IDOF(""Physical Items"".""Institution"".""Institution Name"") = (6532) AND ""Location"".""Library Code"" = 'NRLF' AND ""Location"".""Location Code"" LIKE ('nc%')SLF-NDESCRIPTOR_IDOF(""Physical Items"".""Institution"".""Institution Name"") = (6532) AND ""Location"".""Library Code"" = 'NRLF' AND ""Physical Item Details"".""Retention Note"" LIKE '%CUZ%'SLF-NDESCRIPTOR_IDOF(""Physical Items"".""Institution"".""Institution Name"") = 4876UCSCOther campuses"
59,298,1,"Physical - UCSD Library Stats Category",,"/shared/University of California System 01UCS_NETWORK/Reports/Local Requests/Annual Statistic Reports/Annual Stats FY 2025-2026/Physical - UCSD Library Stats Category","Location",,,"saw:regularColumn","""Location"".""Library Code""DESCRIPTOR_IDOF(""Physical Items"".""Institution"".""Institution Name"") = (6532) AND ""Location"".""Library Code"" = 'NRLF' AND ""Location"".""Location Code"" LIKE ('ng%')GeneralDESCRIPTOR_IDOF(""Physical Items"".""Institution"".""Institution Name"") = (6532) AND ""Location"".""Library Code"" = 'NRLF' AND ""Location"".""Location Code"" LIKE ('nu%')GeneralDESCRIPTOR_IDOF(""Physical Items"".""Institution"".""Institution Name"") = (6533) AND ""Location"".""Library Code"" = 'SRLF' AND ""Physical Item Details"".""Statistics Note 1"" IN ('*UCSD Scripps','*UCSD Library','*UCSD Spec Coll')GeneralDESCRIPTOR_IDOF(""Physical Items"".""Institution"".""Institution Name"") = (6535) AND ""Location"".""Library Code"" IN ('GEISEL','ANNEX','SCA','WongAvery')GeneralDESCRIPTOR_IDOF(""Physical Items"".""Institution"".""Institution Name"") = (6535) AND ""Location"".""Library Code"" IN ('BorrowBot', 'RES_SHARE')GeneralNew library - needs categorization"
60,301,1,"Physical - UCSD SLF/campus designator",,"/shared/University of California System 01UCS_NETWORK/Reports/Local Requests/Annual Statistic Reports/Annual Stats FY 2025-2026/Physical - UCSD SLF/campus designator","Institution",,,"saw:regularColumn","""Institution"".""Institution Name""DESCRIPTOR_IDOF(""Physical Items"".""Institution"".""Institution Name"") = (6533) AND ""Location"".""Library Code"" = 'SRLF' AND ""Physical Item Details"".""Statistics Note 1"" IN ('*UCSD Scripps','*UCSD Library','*UCSD Spec Coll')SLF-SDESCRIPTOR_IDOF(""Physical Items"".""Institution"".""Institution Name"") = (6532) AND ""Location"".""Library Code"" = 'NRLF' AND ""Location"".""Location Code"" LIKE ('ng%')SLF-NDESCRIPTOR_IDOF(""Physical Items"".""Institution"".""Institution Name"") = (6532) AND ""Location"".""Library Code"" = 'NRLF' AND ""Physical Item Details"".""Retention Note"" LIKE '%CUS%'SLF-NDESCRIPTOR_IDOF(""Physical Items"".""Institution"".""Institution Name"") = 6535UCSDOther campuses"
61,302,1,"Physical - UCSF Library Stats Category",,"/shared/University of California System 01UCS_NETWORK/Reports/Local Requests/Annual Statistic Reports/Annual Stats FY 2025-2026/Physical - UCSF Library Stats Category","Location",,,"saw:regularColumn","""Location"".""Library Code""DESCRIPTOR_IDOF(""Physical Items"".""Institution"".""Institution Name"") = (6532) AND ""Location"".""Library Code"" = 'NRLF' AND ""Location"".""Location Code"" IN ('nfge', 'nfger','nfspr')Health ScienceDESCRIPTOR_IDOF(""Physical Items"".""Institution"".""Institution Name"") = (6533) AND ""Location"".""Library Code"" = 'SRLF' AND ""Physical Item Details"".""Statistics Note 1"" = ('*UCSF Library')Health ScienceDESCRIPTOR_IDOF(""Physical Items"".""Institution"".""Institution Name"") = (6536) AND ""Location"".""Library Code"" IN ('asc','mb','pa','sf')Health ScienceDESCRIPTOR_IDOF(""Physical Items"".""Institution"".""Institution Name"") = (6532) AND ""Location"".""Library Code"" = 'NRLF' AND ""Location"".""Location Code"" LIKE ('nu%')Health ScienceDESCRIPTOR_IDOF(""Physical Items"".""Institution"".""Institution Name"") = (6536) AND ""Location"".""Library Code"" IN ('RES_SHARE')Health ScienceNew library - needs categorization"
62,304,1,"Physical - UCSF SLF/campus designator",,"/shared/University of California System 01UCS_NETWORK/Reports/Local Requests/Annual Statistic Reports/Annual Stats FY 2025-2026/Physical - UCSF SLF/campus designator","Institution",,,"saw:regularColumn","""Institution"".""Institution Name""DESCRIPTOR_IDOF(""Physical Items"".""Institution"".""Institution Name"") = (6533) AND ""Location"".""Library Code"" = 'SRLF' AND ""Physical Item Details"".""Statistics Note 1"" IN ('*UCSF Library')SLF-SDESCRIPTOR_IDOF(""Physical Items"".""Institution"".""Institution Name"") = (6532) AND ""Location"".""Library Code"" = 'NRLF' AND ""Location"".""Location Code"" LIKE ('nf%')SLF-NDESCRIPTOR_IDOF(""Physical Items"".""Institution"".""Institution Name"") = (6532) AND ""Location"".""Library Code"" = 'NRLF' AND ""Physical Item Details"".""Retention Note"" LIKE '%CUN%'SLF-NDESCRIPTOR_IDOF(""Physical Items"".""Institution"".""Institution Name"") = 6536UCSFOther campuses"
63,305,1,"RM Building - UCB",,"/shared/University of California System 01UCS_NETWORK/Reports/Local Requests/Annual Statistic Reports/Annual Stats FY 2025-2026/RM Building - UCB","Location",,,"saw:regularColumn","""Location"".""Location Code""""Location"".""Location Code""zwWithdrawn""Location"".""Location Code"" = 'tby' 2121 Alston ""Location"".""Location Code"" LIKE 'ir%'2521 Channing Way""Location"".""Location Code"" LIKE 'pf%'BAMPFA""Location"".""Location Code"" LIKE 'en%'BECHTEL""Location"".""Location Code"" = 'law' Boalt""Location"".""Location Code"" LIKE 'ea%'C.V. Starr East Asian Library""Location"".""Location Code""ahah9tdldndrgsma9xmfmossDOE""Location"".""Location Code""tbtjDoe Annex""Location"".""Library Code"" = 'BANC'Doe Annex""Location"".""Location Code""mtEVANS""Location"".""Location Code""maGARDNER""Location"".""Location Code""buHAAS""Location"".""Location Code""muHANGROVE""Location"".""Location Code""soHAVILAND""Location"".""Location Code""chHILDEBRAND""Location"".""Location Code""anKROEBER""Location"".""Location Code""esMCCONE""Location"".""Location Code""itMCLAUGHLIN""Location"".""Location Code""iteMCLAUGHLIN Annex""Location"".""Location Code""ohMINOR""Location"".""Location Code""mcMOFFITT""Location"".""Location Code""igMOSES""Location"".""Location Code""qaxqcxqnxOld Art Gallery""Location"".""Location Code""lawbwbOnline""Location"".""Location Code""phPhysics North""Location"".""Location Code""nSLF-N""Location"".""Location Code""biVLSB""Location"".""Location Code""evceWURSTER""Location"".""Location Code""qaqcqeqnSTEPHENS""Location"".""Library Code"" = 'LBNL'Lawrence Berkeley National Laboratory Library, LBNL""Location"".""Library Code"" = 'SRLF'SLF-S(review needed)"
64,308,1,"zzBACKUP Electronic - Global Stats Electronic included/excluded designator",,"/shared/University of California System 01UCS_NETWORK/Reports/Local Requests/Annual Statistic Reports/Annual Stats FY 2025-2026/zzBACKUP Electronic - Global Stats Electronic included/excluded designator","UCOP Stats",,,"saw:regularColumn","""Electronic Collection"".""Electronic Collection Public Name""""Bibliographic Details"".""Title"" IS NULLExcluded""Bibliographic Details"".""Title"" = ' 'Excluded""Bibliographic Details"".""Title"" = ''Excluded""Bibliographic Details"".""MMS Id"" <= '0'Excluded""Portfolio"".""Portfolio Id"" <= '0'Excluded""Bibliographic Details"".""Suppressed From Discovery"" NOT IN ('NULL', 'No')Excluded""Portfolio"".""Lifecycle"" <> 'In Repository'Excluded""Electronic Collection"".""Electronic Collection Public Name (override)"" = 'JSTOR Books DDA' AND ""Bibliographic Details"".""Local Param 01"" LIKE '%CDL%' AND DESCRIPTOR_IDOF(""Physical Items"".""Institution"".""Institution Name"") = 6531Excluded""Electronic Collection"".""Electronic Collection Interface Name"" LIKE '%Airiti%' AND ""Bibliographic Details"".""Local Param 01"" LIKE '%CDL%' AND DESCRIPTOR_IDOF(""Physical Items"".""Institution"".""Institution Name"") = 6531Excluded""Electronic Collection"".""Electronic Collection Interface Name"" LIKE '%CNPeReading%' AND ""Bibliographic Details"".""Local Param 01"" LIKE '%CDL%' AND DESCRIPTOR_IDOF(""Physical Items"".""Institution"".""Institution Name"") = 6531Excluded""Electronic Collection"".""Electronic Collection Public Name"" = 'DOAB Directory of Open Access Books' AND DESCRIPTOR_IDOF(""Physical Items"".""Institution"".""Institution Name"") = 6531Excluded""Electronic Collection"".""Electronic Collection Public Name"" LIKE '%Kanopy%' AND DESCRIPTOR_IDOF(""Physical Items"".""Institution"".""Institution Name"") = 6531ExcludedDESCRIPTOR_IDOF(""Physical Items"".""Institution"".""Institution Name"") = 4701 AND ""Electronic Collection"".""Electronic Collection Public Name"" IN ('R2 Digital Library DDA', 'EBL online monographs', 'Sage online monographs EBS (Sage EBS) purchased', 'Taylor & Francis online monographs (EBS)', 'Bloomsbury EBA')Excluded""Bibliographic Details"".""Resource Type"" IN ('NULL', 'Unknown')Excluded""Electronic Collection"".""Electronic Collection Public Name"" IN ('Swank Motion Pictures Trial', 'Trial Feedback Form') OR ""Electronic Collection"".""Electronic Collection Public Name (override)"" = 'Japan Times Digital Archive, 1897-2018 TRIAL'ExcludedDESCRIPTOR_IDOF(""E-Inventory"".""Institution"".""Institution Name"") = 4876 AND ""Portfolio"".""Purchase Model"" LIKE ('%Owned%')IncludedDESCRIPTOR_IDOF(""E-Inventory"".""Institution"".""Institution Name"") = 6535 AND ""Portfolio"".""Purchase Model"" LIKE ('%Owned%')IncludedDESCRIPTOR_IDOF(""E-Inventory"".""Institution"".""Institution Name"") = 6534 AND ""Portfolio"".""Purchase Model"" LIKE ('%Owned%')IncludedDESCRIPTOR_IDOF(""E-Inventory"".""Institution"".""Institution Name"") = 6534 AND ""Portfolio"".""Purchase Model"" LIKE ('%Subscription%')IncludedDESCRIPTOR_IDOF(""E-Inventory"".""Institution"".""Institution Name"") = 6534 AND ""Portfolio"".""Purchase Model"" LIKE ('%DDA%Candidate%')ExcludedDESCRIPTOR_IDOF(""E-Inventory"".""Institution"".""Institution Name"") = 6535 AND ""Portfolio"".""Purchase Model"" LIKE ('%DDA%Candidate%')ExcludedDESCRIPTOR_IDOF(""E-Inventory"".""Institution"".""Institution Name"") = 4876 AND ""E-inventory"".""Portfolio"".""Purchase Model"" = 'DDA Candidate' AND ""E-inventory"".""Electronic Collection"".""Electronic Collection Public Name"" = 'Ebook Central Perpetual, DDA and Subscription Titles'Excluded""Electronic Collection"".""Electronic Collection Public Name"" = 'Ebook Central Perpetual, DDA and Subscription Titles' AND ""Portfolio"".""Purchase Model"" LIKE ('%DDA%Candidate%')Excluded""Portfolio Library Unit"".""Library Name"" LIKE 'X_Do_Not_Use_%'Excluded""Electronic Collection"".""Electronic Collection Public Name"" IN ('R2 Digital Library PDA Discoverable Titles')Excluded""Electronic Collection"".""Electronic Collection Public Name (override)"" IN ('EBL online monographs purchased', 'EBSCO Japanese DDA Purchased', 'ENGnetBASE DDA Purchased 2013', 'ENGnetBASE DDA Purchased 2015', 'ENGnetBASE DDA Purchased 2016', 'ENGnetBase DDA Purchased 2014', 'YBP/eBrary DDA Purchased')IncludedDESCRIPTOR_IDOF(""E-Inventory"".""Institution"".""Institution Name"") = 6535 AND ""Electronic Collection"".""Electronic Collection Public Name"" = 'Ebook Central Perpetual, DDA and Subscription Titles' AND ""Portfolio"".""Purchase Model"" IN ('DDA Candidate Owned', 'Owned', 'Owned, Subscription', 'Subscription')Included""Electronic Collection"".""Electronic Collection Public Name"" IN ('Ebook Central Perpetual, DDA and Subscription Titles', 'EBSCO (UCSD). eBook Collection DDA online monographs.', 'R2 Digital Library DDA') AND ""Portfolio"".""Purchase Model"" NOT IN ('DDA Candidate Owned', 'Owned', 'Owned, Subscription', 'Subscription')Included""Electronic Collection"".""Electronic Collection Public Name""Ebook Central Perpetual, DDA and Subscription TitlesEBSCO (UCSD). eBook Collection DDA online monographs.R2 Digital Library DDAIncluded""Electronic Collection"".""Electronic Collection Public Name""British and Irish Women's Letters and Diaries: First Edition (Pre-January 2009 Purchasers Only)Books@Ovid - LWW JBIB Book Collection 2017-2018 PurchaseBooks@Ovid PurchaseBooks@Ovid Purchase CompleteNorth American Indian Drama: First Edition (Pre-October 2012 Purchasers Only)Twentieth Century North American Drama: First Edition (Pre-October 2012 Purchasers Only)Institute of Physics Historic Archive PurchaseMaruzen eBook LibraryBerkeley LDC purchasesIGI Global Evidence Based PURCHASEDOxford University Press Anthropology Local Purchased CollectionSage EBSSage online monographs EBS (Sage EBS) purchasedUC Davis locally purchased monographs_LOCALUCSC owned streaming videoAfrican Writers Series (pre-September 2011 purchase)SAGE Complete Deep Backfile Purchase 2008SAGE Deep Backfile Upgrade Purchase 2009SAGE Deep Backfile Upgrade Purchase 2010SAGE Deep Backfile Upgrade Purchase 2011SAGE Deep Backfile Upgrade Purchase 2012SAGE Deep Backfile Upgrade Purchase 2013SAGE Deep Backfile Upgrade Purchase 2014SAGE Deep Backfile Upgrade Purchase 2015SAGE Deep Backfile Upgrade Purchase 2016SAGE Deep Backfile Upgrade Purchase 2017SAGE Psychology Subject Collection Backfile PurchaseTaylor & Francis online monographs (EBS) purchasedIncluded""Electronic Collection"".""Electronic Collection Public Name""IncludedDESCRIPTOR_IDOF(""Physical Items"".""Institution"".""Institution Name"") = 3126 AND ""Electronic Collection"".""Electronic Collection Public Name"" = 'Palace App (read this ebook on your phone or tablet)_LOCAL'ExcludedDESCRIPTOR_IDOF(""Physical Items"".""Institution"".""Institution Name"") = 6531 AND ""Electronic Collection"".""Electronic Collection Public Name"" = 'Read via the Palace Project ebook pilot!'ExcludedDESCRIPTOR_IDOF(""Physical Items"".""Institution"".""Institution Name"") = 4706 AND ""Electronic Collection"".""Electronic Collection Public Name"" = 'E-Book Discovery'ExcludedDESCRIPTOR_IDOF(""E-Inventory"".""Institution"".""Institution Name"") = 6535 AND ""Electronic Collection"".""Electronic Collection Public Name"" IN ('EBSCO (UCSD). eBook Collection DDA online monographs.', 'JSTOR DDA online monographs (UCSD).')ExcludedIncluded"
